id,Date,timeStamp,packageName,uid,appCategory,op,Access Time,appTrustLevel,lastTimeForegroundServiceUsed,totalTimeForegroundServiceUsed,totalTimeInForeground,lastTimeVisible,lastTimeUsed,cpuTime,backgroundTime,foregroundTime,powerUsage,screenPowerUsage,mobileDataUsage,wifiDataUsage,accessibilityServiceEnabled,getCapabilities,active,isAppInBackground,lastUpdateTime,firstInstallTime
1,207,1.71993E+12,com.samsung.android.smartsuggestions,10121,-1,Contacts,1,0,0,0,0,0,0,1050,5381765,0,0.024204389,0,0,0,0,-1,1,1,1.641E+12,1.641E+12
2,207,1.71993E+12,com.google.android.gms,10245,7,Location,18,0,0,0,8829,1.71993E+12,1.71993E+12,68041,47088027,301,1.539548697,0,0,18365,0,-1,1,1,1.71957E+12,1.641E+12
3,207,1.71993E+12,com.google.android.gms,10245,7,Nearby devices,2,0,0,0,8829,1.71993E+12,1.71993E+12,68041,47088027,301,1.539548697,0,0,18365,0,-1,1,1,1.71957E+12,1.641E+12
4,207,1.71993E+12,com.samsung.android.mcfserver,10120,-1,Nearby devices,3,0,0,0,0,0,0,-1,-1,-1,-1,-1,-1,-1,0,-1,1,1,1.641E+12,1.641E+12
5,207,1.71993E+12,com.samsung.android.mcfserver,10120,-1,Nearby devices,3,0,0,0,0,0,0,-1,-1,-1,-1,-1,-1,-1,0,-1,1,1,1.641E+12,1.641E+12
6,207,1.71993E+12,com.google.android.gms,10245,7,Location,18,0,0,0,8829,1.71993E+12,1.71993E+12,68041,47088027,301,1.539548697,0,0,18365,0,-1,1,1,1.71957E+12,1.641E+12
7,207,1.71993E+12,com.google.android.gms,10245,7,Nearby devices,2,0,0,0,8829,1.71993E+12,1.71993E+12,68041,47088027,301,1.539548697,0,0,18365,0,-1,1,1,1.71957E+12,1.641E+12
8,207,1.71993E+12,com.google.android.gms,10245,7,Location,18,0,0,0,8829,1.71993E+12,1.71993E+12,68041,47088027,301,1.539548697,0,0,18365,0,-1,1,1,1.71957E+12,1.641E+12
9,207,1.71993E+12,com.samsung.android.beaconmanager,5006,-1,Nearby devices,2,0,0,0,0,0,0,-1,-1,-1,-1,-1,-1,-1,0,-1,1,1,1.641E+12,1.641E+12
10,207,1.71993E+12,com.google.android.gms,10245,7,Location,18,0,0,0,8829,1.71993E+12,1.71993E+12,68041,47088027,301,1.539548697,0,0,18365,0,-1,1,1,1.71957E+12,1.641E+12
11,207,1.71993E+12,com.samsung.android.fmm,1000,-1,Nearby devices,1,0,0,0,0,0,0,307054,0,0,7.66302671,0,0,813,0,-1,1,0,1.641E+12,1.641E+12
12,207,1.71993E+12,com.samsung.android.mcfserver,10120,-1,Nearby devices,3,0,0,0,0,0,0,-1,-1,-1,-1,-1,-1,-1,0,-1,1,1,1.641E+12,1.641E+12
13,207,1.71993E+12,com.google.android.gms,10245,7,Location,18,0,0,0,8829,1.71993E+12,1.71993E+12,68041,47088027,301,1.539548697,0,0,18365,0,-1,1,1,1.71957E+12,1.641E+12
14,207,1.71993E+12,com.google.android.gms,10245,7,Location,18,0,0,0,8829,1.71993E+12,1.71993E+12,68041,47088027,301,1.539548697,0,0,18365,0,-1,1,1,1.71957E+12,1.641E+12
15,207,1.71993E+12,com.android.providers.calendar,10109,-1,Contacts,1,0,0,0,0,0,0,-1,-1,-1,-1,-1,-1,-1,0,-1,1,1,1.641E+12,1.641E+12
16,207,1.71993E+12,com.samsung.android.scs,10113,-1,Calendar,1,0,0,0,0,0,0,2836,1816,0,0.037128376,0,0,0,0,-1,1,1,1.641E+12,1.641E+12
17,207,1.71993E+12,com.samsung.android.scs,10113,-1,Contacts,1,0,0,0,0,0,0,2836,1816,0,0.037128376,0,0,0,0,-1,1,1,1.641E+12,1.641E+12
18,207,1.71993E+12,com.samsung.android.scs,10113,-1,Call logs,1,0,0,0,0,0,0,2836,1816,0,0.037128376,0,0,0,0,-1,1,1,1.641E+12,1.641E+12
19,207,1.71993E+12,com.google.android.gms,10245,7,Location,18,0,0,0,8829,1.71993E+12,1.71993E+12,68041,47088027,301,1.539548697,0,0,18365,0,-1,1,1,1.71957E+12,1.641E+12
20,207,1.71993E+12,com.sec.android.app.camera,10112,-1,Camera,4,0,1.71993E+12,4192,206985,1.71993E+12,1.71993E+12,-1,-1,-1,-1,-1,-1,-1,0,-1,1,0,1.641E+12,1.641E+12
21,207,1.71993E+12,com.android.systemui,10047,-1,Nearby devices,1,0,1.7199E+12,28055,0,0,0,28913,7357424,0,0.385158982,0,0,0,0,-1,1,0,1.641E+12,1.641E+12
22,207,1.71993E+12,com.android.settings,1000,-1,Nearby devices,1,0,0,0,670449,1.71993E+12,1.71993E+12,307054,0,0,7.66302671,0,0,813,0,-1,1,0,1.71992E+12,1.641E+12
23,207,1.71993E+12,com.samsung.android.rubin.app,10103,-1,Physical activity,1,0,0,0,0,0,0,7032,11583688,0,0.142216867,0,0,209,0,-1,1,1,1.641E+12,1.641E+12
24,207,1.71993E+12,com.sec.android.app.safetyassurance,10129,-1,Contacts,1,0,0,0,0,0,0,-1,-1,-1,-1,-1,-1,-1,0,-1,1,1,1.641E+12,1.641E+12
25,207,1.71993E+12,com.truecaller,10329,4,SMS,1,1,0,0,378706,1.71957E+12,1.71957E+12,35064,356475,0,0.724523148,0,0,789,0,-1,1,1,1.71957E+12,1.7195E+12
26,207,1.71993E+12,com.google.android.gms,10245,7,Location,18,0,0,0,8829,1.71993E+12,1.71993E+12,68041,47088027,301,1.539548697,0,0,18365,0,-1,1,1,1.71957E+12,1.641E+12
27,207,1.71993E+12,com.truecaller,10329,4,Call logs,1,1,0,0,378706,1.71957E+12,1.71957E+12,35064,356475,0,0.724523148,0,0,789,0,-1,1,1,1.71957E+12,1.7195E+12
28,207,1.71993E+12,com.samsung.android.messaging,10122,-1,SMS,1,0,0,0,0,0,0,-1,-1,-1,-1,-1,-1,-1,0,-1,1,1,1.641E+12,1.641E+12
29,207,1.71993E+12,com.samsung.android.scloud,5009,-1,Calendar,1,0,0,0,0,0,0,1378,6736,0,0.014338177,0,0,432,0,-1,1,1,1.641E+12,1.641E+12
30,207,1.71993E+12,com.samsung.android.dialer,10118,-1,Contacts,1,0,0,0,30252,1.71993E+12,1.71993E+12,2682,0,0,0.053200585,0,0,0,0,-1,1,1,1.641E+12,1.641E+12
31,207,1.71993E+12,com.samsung.android.beaconmanager,5006,-1,Nearby devices,2,0,0,0,0,0,0,-1,-1,-1,-1,-1,-1,-1,0,-1,1,1,1.641E+12,1.641E+12
32,207,1.71993E+12,com.samsung.android.dialer,10118,-1,Call logs,2,0,0,0,30252,1.71993E+12,1.71993E+12,2682,0,0,0.053200585,0,0,0,0,-1,1,1,1.641E+12,1.641E+12
33,207,1.71993E+12,com.samsung.android.easysetup,10071,-1,Nearby devices,1,0,0,0,0,0,0,-1,-1,-1,-1,-1,-1,-1,0,-1,1,1,1.641E+12,1.641E+12
34,207,1.71993E+12,com.android.phone,1001,-1,Phone,2,0,0,0,0,0,0,16001,9938481,0,0.125958488,0,0,0,0,-1,1,0,1.641E+12,1.641E+12
35,207,1.71993E+12,com.google.android.gms,10245,7,Contacts,3,0,0,0,8829,1.71993E+12,1.71993E+12,68041,47088027,301,1.539548697,0,0,18365,0,-1,1,1,1.71957E+12,1.641E+12
36,207,1.71993E+12,com.google.android.apps.messaging,10243,4,SMS,1,0,1.71993E+12,350,8838,1.71959E+12,1.71959E+12,5428,11433797,0,0.074135292,0,0,1387,0,-1,1,1,1.7188E+12,1.641E+12
37,207,1.71993E+12,com.samsung.android.rubin.app,10103,-1,Location,3,0,0,0,0,0,0,7032,11583688,0,0.142216867,0,0,209,0,-1,1,1,1.641E+12,1.641E+12
38,207,1.71993E+12,com.android.server.telecom,1000,-1,Call logs,1,0,0,0,0,0,0,307054,0,0,7.66302671,0,0,813,0,-1,1,0,1.641E+12,1.641E+12
39,207,1.71993E+12,com.samsung.android.dialer,10118,-1,Call logs,2,0,0,0,30252,1.71993E+12,1.71993E+12,2682,0,0,0.053200585,0,0,0,0,-1,1,1,1.641E+12,1.641E+12
40,207,1.71993E+12,com.samsung.android.providers.contacts,10054,-1,Call logs,2,0,0,0,0,0,0,684,21962,0,0.018788228,0,0,0,0,-1,1,1,1.641E+12,1.641E+12
41,207,1.71993E+12,com.google.android.gms,10245,7,Location,18,0,0,0,8829,1.71993E+12,1.71993E+12,68041,47088027,301,1.539548697,0,0,18365,0,-1,1,1,1.71957E+12,1.641E+12
42,207,1.71993E+12,com.samsung.android.providers.contacts,10054,-1,Call logs,2,0,0,0,0,0,0,684,21962,0,0.018788228,0,0,0,0,-1,1,1,1.641E+12,1.641E+12
43,207,1.71993E+12,com.android.systemui,10047,-1,Phone,1,0,1.7199E+12,28055,0,0,0,28913,7357424,0,0.385158982,0,0,0,0,-1,1,0,1.641E+12,1.641E+12
44,207,1.71993E+12,com.android.phone,1001,-1,Phone,2,0,0,0,0,0,0,16001,9938481,0,0.125958488,0,0,0,0,-1,1,0,1.641E+12,1.641E+12
45,207,1.71993E+12,com.android.phone,1001,-1,Location,4,0,0,0,0,0,0,16001,9938481,0,0.125958488,0,0,0,0,-1,1,0,1.641E+12,1.641E+12
46,207,1.71993E+12,com.samsung.android.mcfds,10092,-1,Nearby devices,1,0,0,0,0,0,0,-1,-1,-1,-1,-1,-1,-1,0,-1,1,1,1.641E+12,1.641E+12
47,207,1.71993E+12,com.google.android.gms,10245,7,Location,18,0,0,0,8829,1.71993E+12,1.71993E+12,68041,47088027,301,1.539548697,0,0,18365,0,-1,1,1,1.71957E+12,1.641E+12
48,207,1.71993E+12,com.android.systemui,10047,-1,Calendar,1,0,1.7199E+12,28055,0,0,0,28913,7357424,0,0.385158982,0,0,0,0,-1,1,0,1.641E+12,1.641E+12
49,207,1.71993E+12,com.google.android.gms,10245,7,Location,18,0,0,0,8829,1.71993E+12,1.71993E+12,68041,47088027,301,1.539548697,0,0,18365,0,-1,1,1,1.71957E+12,1.641E+12
50,207,1.71993E+12,com.google.android.gms,10245,7,Location,18,0,0,0,8829,1.71993E+12,1.71993E+12,68041,47088027,301,1.539548697,0,0,18365,0,-1,1,1,1.71957E+12,1.641E+12
51,207,1.71993E+12,com.samsung.android.smartsuggestions,10121,-1,Photos and videos,1,0,0,0,0,0,0,1050,5381765,0,0.024204389,0,0,0,0,-1,1,1,1.641E+12,1.641E+12
52,207,1.71993E+12,com.samsung.android.networkdiagnostic,5023,-1,Location,1,0,0,0,0,0,0,3639,7774,0,0.058525277,0,0,136,0,-1,1,1,1.641E+12,1.641E+12
53,207,1.71993E+12,com.samsung.android.rubin.app,10103,-1,Location,3,0,0,0,0,0,0,7032,11583688,0,0.142216867,0,0,209,0,-1,1,1,1.641E+12,1.641E+12
54,207,1.71993E+12,com.google.android.gms,10245,7,Location,18,0,0,0,8829,1.71993E+12,1.71993E+12,68041,47088027,301,1.539548697,0,0,18365,0,-1,1,1,1.71957E+12,1.641E+12
55,207,1.71993E+12,com.google.android.gms,10245,7,Music and audio,1,0,0,0,8829,1.71993E+12,1.71993E+12,68041,47088027,301,1.539548697,0,0,18365,0,-1,1,1,1.71957E+12,1.641E+12
56,207,1.71993E+12,com.google.android.gms,10245,7,Photos and videos,2,0,0,0,8829,1.71993E+12,1.71993E+12,68041,47088027,301,1.539548697,0,0,18365,0,-1,1,1,1.71957E+12,1.641E+12
57,207,1.71993E+12,com.google.android.gms,10245,7,Photos and videos,2,0,0,0,8829,1.71993E+12,1.71993E+12,68041,47088027,301,1.539548697,0,0,18365,0,-1,1,1,1.71957E+12,1.641E+12
58,207,1.71993E+12,com.samsung.android.rubin.app,10103,-1,Location,3,0,0,0,0,0,0,7032,11583688,0,0.142216867,0,0,209,0,-1,1,1,1.641E+12,1.641E+12
59,207,1.71993E+12,com.google.android.gms,10245,7,Location,18,0,0,0,8829,1.71993E+12,1.71993E+12,68041,47088027,301,1.539548697,0,0,18365,0,-1,1,1,1.71957E+12,1.641E+12
60,207,1.71993E+12,com.vcast.mediamanager,10151,7,Phone,1,0,1.71941E+12,3539,0,0,0,2527,2515488,0,0.104518046,0,0,23,0,-1,1,1,1.71886E+12,1.641E+12
61,207,1.71993E+12,com.android.phone,1001,-1,Location,4,0,0,0,0,0,0,16001,9938481,0,0.125958488,0,0,0,0,-1,1,0,1.641E+12,1.641E+12
62,207,1.71993E+12,com.android.phone,1001,-1,Location,4,0,0,0,0,0,0,16001,9938481,0,0.125958488,0,0,0,0,-1,1,0,1.641E+12,1.641E+12
63,207,1.71993E+12,com.android.phone,1001,-1,Location,4,0,0,0,0,0,0,16001,9938481,0,0.125958488,0,0,0,0,-1,1,0,1.641E+12,1.641E+12
64,207,1.71993E+12,com.google.android.apps.messaging,10243,4,Contacts,1,0,1.71993E+12,312,8838,1.71959E+12,1.71959E+12,5428,11433797,0,0.074135292,0,0,1387,0,-1,1,1,1.7188E+12,1.641E+12
65,207,1.71993E+12,com.google.android.gms,10245,7,Location,18,0,0,0,8829,1.71993E+12,1.71993E+12,68041,47088027,301,1.539548697,0,0,18365,0,-1,1,1,1.71957E+12,1.641E+12
66,207,1.71993E+12,com.samsung.storyservice,5004,-1,Photos and videos,3,0,0,0,0,0,0,-1,-1,-1,-1,-1,-1,-1,0,-1,1,1,1.641E+12,1.641E+12
67,207,1.71993E+12,com.samsung.storyservice,5004,-1,Photos and videos,3,0,0,0,0,0,0,-1,-1,-1,-1,-1,-1,-1,0,-1,1,1,1.641E+12,1.641E+12
68,207,1.71993E+12,com.samsung.storyservice,5004,-1,Photos and videos,3,0,0,0,0,0,0,-1,-1,-1,-1,-1,-1,-1,0,-1,1,1,1.641E+12,1.641E+12
69,207,1.71993E+12,com.google.android.gms,10245,7,Location,18,0,0,0,8829,1.71993E+12,1.71993E+12,68041,47088027,301,1.539548697,0,0,18365,0,-1,1,1,1.71957E+12,1.641E+12
70,207,1.71993E+12,com.google.android.gms,10245,7,Location,18,0,0,0,8829,1.71993E+12,1.71993E+12,68041,47088027,301,1.539548697,0,0,18365,0,-1,1,1,1.71957E+12,1.641E+12
71,207,1.71993E+12,com.google.android.gms,10245,7,Location,18,0,0,0,8829,1.71993E+12,1.71993E+12,68041,47088027,301,1.539548697,0,0,18365,0,-1,1,1,1.71957E+12,1.641E+12
72,207,1.71993E+12,com.sec.android.app.camera,10112,-1,Camera,4,0,1.71993E+12,4192,205191,1.71993E+12,1.71993E+12,-1,-1,-1,-1,-1,-1,-1,0,-1,1,0,1.641E+12,1.641E+12
73,207,1.71993E+12,com.sec.android.gallery3d,10125,-1,Photos and videos,1,0,0,0,3618,1.71993E+12,1.71993E+12,-1,-1,-1,-1,-1,-1,-1,0,-1,1,0,1.641E+12,1.641E+12
74,207,1.71993E+12,com.sec.android.app.camera,10112,-1,Photos and videos,2,0,1.71993E+12,4192,205191,1.71993E+12,1.71993E+12,-1,-1,-1,-1,-1,-1,-1,0,-1,1,0,1.641E+12,1.641E+12
75,207,1.71993E+12,com.sec.android.app.camera,10112,-1,Photos and videos,2,0,1.71993E+12,4192,205191,1.71993E+12,1.71993E+12,-1,-1,-1,-1,-1,-1,-1,0,-1,1,0,1.641E+12,1.641E+12
76,207,1.71993E+12,com.sec.android.app.camera,10112,-1,Camera,4,0,1.71993E+12,4192,205191,1.71993E+12,1.71993E+12,-1,-1,-1,-1,-1,-1,-1,0,-1,1,0,1.641E+12,1.641E+12
77,207,1.71993E+12,com.samsung.mediasearch,10094,-1,Photos and videos,2,0,0,0,0,0,0,-1,-1,-1,-1,-1,-1,-1,0,-1,1,1,1.641E+12,1.641E+12
78,207,1.71993E+12,com.samsung.mediasearch,10094,-1,Photos and videos,2,0,0,0,0,0,0,-1,-1,-1,-1,-1,-1,-1,0,-1,1,1,1.641E+12,1.641E+12
79,207,1.71993E+12,com.android.bluetooth,1002,-1,Nearby devices,1,0,0,0,0,0,0,1662,715784,0,0.016373105,0,0,0,0,-1,1,0,0,0
80,207,1.71993E+12,com.google.android.gms,10245,7,Contacts,3,0,0,0,8829,1.71993E+12,1.71993E+12,68041,47088027,301,1.539548697,0,0,18365,0,-1,1,1,1.71957E+12,1.641E+12
81,207,1.71993E+12,com.google.android.googlequicksearchbox,10246,7,Contacts,2,0,0,0,49889,1.71948E+12,1.71948E+12,8192,18549733,55,0.185529662,0,0,1234,0,-1,1,1,1.71958E+12,1.641E+12
82,207,1.71992E+12,com.samsung.faceservice,5004,-1,Photos and videos,3,0,0,0,0,0,0,-1,-1,-1,-1,-1,-1,-1,0,-1,1,1,1.641E+12,1.641E+12
83,207,1.71992E+12,com.samsung.faceservice,5004,-1,Photos and videos,3,0,0,0,0,0,0,-1,-1,-1,-1,-1,-1,-1,0,-1,1,1,1.641E+12,1.641E+12
84,207,1.71992E+12,com.samsung.faceservice,5004,-1,Photos and videos,3,0,0,0,0,0,0,-1,-1,-1,-1,-1,-1,-1,0,-1,1,1,1.641E+12,1.641E+12
85,207,1.71992E+12,com.google.android.googlequicksearchbox,10246,7,Microphone,1,0,0,0,49889,1.71948E+12,1.71948E+12,8192,18549733,55,0.185529662,0,0,1234,0,-1,1,1,1.71958E+12,1.641E+12
86,207,1.71992E+12,com.google.android.googlequicksearchbox,10246,7,Phone,1,0,0,0,49889,1.71948E+12,1.71948E+12,8192,18549733,55,0.185529662,0,0,1234,0,-1,1,1,1.71958E+12,1.641E+12
87,207,1.71992E+12,com.google.android.googlequicksearchbox,10246,7,Contacts,2,0,0,0,49889,1.71948E+12,1.71948E+12,8192,18549733,55,0.185529662,0,0,1234,0,-1,1,1,1.71958E+12,1.641E+12
88,207,1.71992E+12,com.truecaller,10329,4,Call logs,1,1,0,0,378706,1.71957E+12,1.71957E+12,35064,356475,0,0.724523148,0,0,789,0,-1,1,0,1.71957E+12,1.7195E+12
89,207,1.71992E+12,com.truecaller,10329,4,Phone,2,1,0,0,378706,1.71957E+12,1.71957E+12,35064,356475,0,0.724523148,0,0,789,0,-1,1,0,1.71957E+12,1.7195E+12
90,207,1.71992E+12,com.truecaller,10329,4,Phone,2,1,0,0,378706,1.71957E+12,1.71957E+12,35064,356475,0,0.724523148,0,0,789,0,-1,1,0,1.71957E+12,1.7195E+12
91,207,1.71992E+12,com.truecaller,10329,4,Contacts,1,1,0,0,378706,1.71957E+12,1.71957E+12,35064,356475,0,0.724523148,0,0,789,0,-1,1,0,1.71957E+12,1.7195E+12
92,207,1.71992E+12,com.sec.android.app.camera,10112,-1,Camera,4,0,1.71993E+12,4192,205191,1.71993E+12,1.71993E+12,-1,-1,-1,-1,-1,-1,-1,0,-1,1,0,1.641E+12,1.641E+12
93,207,1.71992E+12,com.google.android.googlequicksearchbox,10246,7,SMS,1,0,0,0,49889,1.71948E+12,1.71948E+12,8192,18549733,55,0.185529662,0,0,1234,0,-1,1,1,1.71958E+12,1.641E+12
94,207,1.71992E+12,com.google.android.googlequicksearchbox,10246,7,Call logs,1,0,0,0,49889,1.71948E+12,1.71948E+12,8192,18549733,55,0.185529662,0,0,1234,0,-1,1,1,1.71958E+12,1.641E+12
95,207,1.7199E+12,com.samsung.android.mobileservice,10116,-1,Calendar,1,0,0,0,0,0,0,2121,7177,0,0.029191707,0,0,748,0,-1,1,1,1.641E+12,1.641E+12
96,207,1.7199E+12,com.google.android.syncadapters.calendar,10251,-1,Calendar,2,0,0,0,0,0,0,1312,7000,0,0.016272006,0,0,290,0,-1,1,1,1.641E+12,1.641E+12
97,207,1.7199E+12,com.google.android.syncadapters.calendar,10251,-1,Calendar,2,0,0,0,0,0,0,1312,7000,0,0.016272006,0,0,290,0,-1,1,1,1.641E+12,1.641E+12
98,207,1.7199E+12,com.samsung.android.mobileservice,10116,-1,Contacts,2,0,0,0,0,0,0,2121,7177,0,0.029191707,0,0,748,0,-1,1,1,1.641E+12,1.641E+12
99,207,1.7199E+12,com.samsung.android.mobileservice,10116,-1,Contacts,2,0,0,0,0,0,0,2121,7177,0,0.029191707,0,0,748,0,-1,1,1,1.641E+12,1.641E+12
100,207,1.7199E+12,com.samsung.android.mcfserver,10120,-1,Contacts,1,0,0,0,0,0,0,-1,-1,-1,-1,-1,-1,-1,0,-1,1,1,1.641E+12,1.641E+12
101,207,1.7199E+12,com.google.android.gms,10245,7,Contacts,3,0,0,0,8829,1.71993E+12,1.71993E+12,68041,47088027,301,1.539548697,0,0,18365,0,-1,1,1,1.71957E+12,1.641E+12
102,207,1.7199E+12,com.samsung.android.rubin.app,10103,-1,Contacts,1,0,0,0,0,0,0,7032,11583688,0,0.142216867,0,0,209,0,-1,1,1,1.641E+12,1.641E+12
103,207,1.7199E+12,com.samsung.android.rubin.app,10103,-1,SMS,1,0,0,0,0,0,0,7032,11583688,0,0.142216867,0,0,209,0,-1,1,1,1.641E+12,1.641E+12
104,207,1.7199E+12,com.samsung.android.rubin.app,10103,-1,Call logs,1,0,0,0,0,0,0,7032,11583688,0,0.142216867,0,0,209,0,-1,1,1,1.641E+12,1.641E+12
105,207,1.7199E+12,com.samsung.android.rubin.app,10103,-1,Calendar,1,0,0,0,0,0,0,7032,11583688,0,0.142216867,0,0,209,0,-1,1,1,1.641E+12,1.641E+12
106,2806,1.71959E+12,com.samsung.android.smartsuggestions,10121,-1,SMS,1,0,0,0,0,0,0,1064,2161463,0,0.017793212,0,0,0,0,-1,1,1,1.641E+12,1.641E+12
107,2806,1.71959E+12,com.sec.android.app.camera,10112,-1,Camera,3,0,1.71993E+12,12151,1101832,1.71993E+12,1.71993E+12,-1,-1,-1,-1,-1,-1,-1,0,-1,1,0,1.641E+12,1.641E+12
108,2806,1.71959E+12,com.google.android.gsf,10245,-1,Photos and videos,2,0,0,0,0,0,0,54586,36451909,527,1.313584877,0,0,9260,0,-1,1,1,1.641E+12,1.641E+12
109,2806,1.71959E+12,com.google.android.gsf,10245,-1,Music and audio,1,0,0,0,0,0,0,54586,36451909,527,1.313584877,0,0,9260,0,-1,1,1,1.641E+12,1.641E+12
110,2806,1.71959E+12,com.google.android.gsf,10245,-1,Photos and videos,2,0,0,0,0,0,0,54586,36451909,527,1.313584877,0,0,9260,0,-1,1,1,1.641E+12,1.641E+12
111,2806,1.71959E+12,com.samsung.cmh,5004,-1,Contacts,1,0,0,0,0,0,0,-1,-1,-1,-1,-1,-1,-1,0,-1,1,1,1.641E+12,1.641E+12
112,2806,1.71957E+12,com.sec.android.app.camera,10112,-1,Camera,3,0,1.71993E+12,12151,1101832,1.71993E+12,1.71993E+12,-1,-1,-1,-1,-1,-1,-1,0,-1,1,0,1.641E+12,1.641E+12
113,2806,1.71957E+12,com.samsung.vzwapiservice,1000,-1,Nearby devices,1,0,0,0,0,0,0,273561,0,0,8.868577973,0,0,627,0,-1,1,0,1.641E+12,1.641E+12
114,2806,1.71957E+12,com.google.android.gm,10261,4,Contacts,1,0,0,0,1975,1.7188E+12,1.7188E+12,3241,2752,0,0.072623474,0,0,713,0,-1,1,1,1.71957E+12,1.641E+12
115,2806,1.71957E+12,com.samsung.android.providers.contacts,10054,-1,Contacts,1,0,0,0,0,0,0,-1,-1,-1,-1,-1,-1,-1,0,-1,1,1,1.641E+12,1.641E+12
116,2806,1.71957E+12,com.sec.android.app.camera,10112,-1,Camera,3,0,1.71993E+12,12151,1101832,1.71993E+12,1.71993E+12,-1,-1,-1,-1,-1,-1,-1,0,-1,1,0,1.641E+12,1.641E+12
117,2806,1.71955E+12,com.samsung.android.fmm,1000,-1,Nearby devices,1,0,0,0,0,0,0,273561,0,0,8.868577973,0,0,627,0,-1,1,0,1.641E+12,1.641E+12
118,2706,1.7195E+12,com.microsoft.skydrive,10105,7,Photos and videos,3,0,1.71993E+12,4470,307196,1.7195E+12,1.7195E+12,2190,538,0,0.065389273,0,0,45,0,-1,1,0,1.7188E+12,1.641E+12
119,2706,1.7195E+12,com.microsoft.skydrive,10105,7,Photos and videos,3,0,1.71993E+12,4470,307196,1.7195E+12,1.7195E+12,2190,538,0,0.065389273,0,0,45,0,-1,1,0,1.7188E+12,1.641E+12
120,2706,1.7195E+12,com.microsoft.skydrive,10105,7,Photos and videos,3,0,1.71993E+12,4470,307196,1.7195E+12,1.7195E+12,2190,538,0,0.065389273,0,0,45,0,-1,1,0,1.7188E+12,1.641E+12
121,2706,1.7195E+12,com.truecaller,10329,4,Contacts,1,1,0,0,378706,1.71957E+12,1.71957E+12,1580,1409,0,0.022798552,0,0,0,0,-1,1,0,1.71957E+12,1.7195E+12
122,2706,1.7195E+12,com.sec.location.nsflp2,5013,-1,Location,44,0,0,0,0,0,0,-1,-1,-1,-1,-1,-1,-1,0,-1,1,1,1.641E+12,1.641E+12
123,2706,1.7195E+12,com.samsung.android.fmm,1000,-1,Location,33,0,0,0,0,0,0,296183,0,0,8.842896202,0,0,781,0,-1,1,0,1.641E+12,1.641E+12
124,2706,1.7195E+12,com.sec.location.nsflp2,5013,-1,Location,44,0,0,0,0,0,0,-1,-1,-1,-1,-1,-1,-1,0,-1,1,1,1.641E+12,1.641E+12
125,2706,1.7195E+12,com.samsung.android.rubin.app,10103,-1,Location,35,0,0,0,0,0,0,11670,12093764,0,0.183112808,0,0,29,0,-1,1,1,1.641E+12,1.641E+12
126,2706,1.7195E+12,com.samsung.android.fmm,1000,-1,Location,33,0,0,0,0,0,0,296183,0,0,8.842896202,0,0,781,0,-1,1,0,1.641E+12,1.641E+12
127,2706,1.7195E+12,com.sec.android.app.camera,10112,-1,Location,3,0,1.71993E+12,12151,1101832,1.71993E+12,1.71993E+12,-1,-1,-1,-1,-1,-1,-1,0,-1,1,0,1.641E+12,1.641E+12
128,2706,1.7195E+12,com.sec.location.nsflp2,5013,-1,Location,44,0,0,0,0,0,0,-1,-1,-1,-1,-1,-1,-1,0,-1,1,1,1.641E+12,1.641E+12
129,2706,1.7195E+12,com.google.android.gms,10245,7,Location,30,0,0,0,298585,1.71993E+12,1.71993E+12,62390,38961669,703,1.48545925,0,0,11643,0,-1,1,1,1.71957E+12,1.641E+12
130,2706,1.7195E+12,com.sec.android.app.camera,10112,-1,Camera,3,0,1.71993E+12,12151,1101832,1.71993E+12,1.71993E+12,-1,-1,-1,-1,-1,-1,-1,0,-1,1,0,1.641E+12,1.641E+12
131,2706,1.7195E+12,com.samsung.android.rubin.app,10103,-1,Location,35,0,0,0,0,0,0,11670,12093764,0,0.183112808,0,0,29,0,-1,1,1,1.641E+12,1.641E+12
132,2706,1.7195E+12,com.google.android.googlequicksearchbox,10246,7,Location,1,0,0,0,84423,1.71948E+12,1.71948E+12,8392,15373694,130,0.219842094,0,0,834,0,-1,1,1,1.71958E+12,1.641E+12
133,2706,1.7195E+12,com.google.android.gms,10245,7,Location,30,0,0,0,298585,1.71993E+12,1.71993E+12,62390,38961669,703,1.48545925,0,0,11643,0,-1,1,1,1.71957E+12,1.641E+12
134,2706,1.7195E+12,com.google.android.gms,10245,7,Location,30,0,0,0,298585,1.71993E+12,1.71993E+12,62390,38961669,703,1.48545925,0,0,11643,0,-1,1,1,1.71957E+12,1.641E+12
135,2706,1.7195E+12,com.sec.android.app.camera,10112,-1,Camera,3,0,1.71993E+12,12151,1101832,1.71993E+12,1.71993E+12,-1,-1,-1,-1,-1,-1,-1,0,-1,1,0,1.641E+12,1.641E+12
136,2706,1.7195E+12,com.sec.android.app.camera,10112,-1,Location,3,0,1.71993E+12,12151,1101832,1.71993E+12,1.71993E+12,-1,-1,-1,-1,-1,-1,-1,0,-1,1,0,1.641E+12,1.641E+12
137,2706,1.7195E+12,com.google.android.gms,10245,7,Location,30,0,0,0,298585,1.71993E+12,1.71993E+12,62390,38961669,703,1.48545925,0,0,11643,0,-1,1,1,1.71957E+12,1.641E+12
138,2706,1.7195E+12,com.samsung.android.rubin.app,10103,-1,Location,35,0,0,0,0,0,0,11670,12093764,0,0.183112808,0,0,29,0,-1,1,1,1.641E+12,1.641E+12
139,2706,1.7195E+12,com.sec.location.nsflp2,5013,-1,Location,44,0,0,0,0,0,0,-1,-1,-1,-1,-1,-1,-1,0,-1,1,1,1.641E+12,1.641E+12
140,2706,1.7195E+12,com.android.settings,1000,-1,Contacts,1,0,0,0,1710803,1.71993E+12,1.71993E+12,296183,0,0,8.842896202,0,0,781,0,-1,1,0,1.71992E+12,1.641E+12
141,2706,1.7195E+12,com.samsung.android.fmm,1000,-1,Location,33,0,0,0,0,0,0,296183,0,0,8.842896202,0,0,781,0,-1,1,0,1.641E+12,1.641E+12
142,2706,1.7195E+12,com.sec.location.nsflp2,5013,-1,Location,44,0,0,0,0,0,0,-1,-1,-1,-1,-1,-1,-1,0,-1,1,1,1.641E+12,1.641E+12
143,2706,1.7195E+12,com.samsung.android.rubin.app,10103,-1,Location,35,0,0,0,0,0,0,11670,12093764,0,0.183112808,0,0,29,0,-1,1,1,1.641E+12,1.641E+12
144,2706,1.7195E+12,com.google.android.gms,10245,7,Location,30,0,0,0,298585,1.71993E+12,1.71993E+12,62390,38961669,703,1.48545925,0,0,11643,0,-1,1,1,1.71957E+12,1.641E+12
145,2706,1.7195E+12,com.samsung.android.rubin.app,10103,-1,Location,35,0,0,0,0,0,0,11670,12093764,0,0.183112808,0,0,29,0,-1,1,1,1.641E+12,1.641E+12
146,2706,1.7195E+12,com.sec.location.nsflp2,5013,-1,Location,44,0,0,0,0,0,0,-1,-1,-1,-1,-1,-1,-1,0,-1,1,1,1.641E+12,1.641E+12
147,2706,1.7195E+12,com.android.phone,1001,-1,Location,32,0,0,0,0,0,0,15557,12789836,0,0.1650384,0,0,0,0,-1,1,0,1.641E+12,1.641E+12
148,2706,1.7195E+12,com.samsung.android.rubin.app,10103,-1,Location,35,0,0,0,0,0,0,11670,12093764,0,0.183112808,0,0,29,0,-1,1,1,1.641E+12,1.641E+12
149,2706,1.7195E+12,com.sec.location.nsflp2,5013,-1,Location,44,0,0,0,0,0,0,-1,-1,-1,-1,-1,-1,-1,0,-1,1,1,1.641E+12,1.641E+12
150,2706,1.71949E+12,com.samsung.android.fmm,1000,-1,Location,33,0,0,0,0,0,0,296183,0,0,8.842896202,0,0,781,0,-1,1,0,1.641E+12,1.641E+12
151,2706,1.71949E+12,com.sec.location.nsflp2,5013,-1,Location,44,0,0,0,0,0,0,-1,-1,-1,-1,-1,-1,-1,0,-1,1,1,1.641E+12,1.641E+12
152,2706,1.71949E+12,com.google.android.gms,10245,7,Location,30,0,0,0,298585,1.71993E+12,1.71993E+12,62390,38961669,703,1.48545925,0,0,11643,0,-1,1,1,1.71957E+12,1.641E+12
153,2706,1.71949E+12,com.samsung.android.fmm,1000,-1,Location,33,0,0,0,0,0,0,296183,0,0,8.842896202,0,0,781,0,-1,1,0,1.641E+12,1.641E+12
154,2706,1.71949E+12,com.android.phone,1001,-1,Location,32,0,0,0,0,0,0,15557,12789836,0,0.1650384,0,0,0,0,-1,1,0,1.641E+12,1.641E+12
155,2706,1.71949E+12,com.samsung.android.fmm,1000,-1,Location,33,0,0,0,0,0,0,296183,0,0,8.842896202,0,0,781,0,-1,1,0,1.641E+12,1.641E+12
156,2706,1.71949E+12,com.sec.location.nsflp2,5013,-1,Location,44,0,0,0,0,0,0,-1,-1,-1,-1,-1,-1,-1,0,-1,1,1,1.641E+12,1.641E+12
157,2706,1.71949E+12,com.samsung.android.rubin.app,10103,-1,Location,35,0,0,0,0,0,0,11670,12093764,0,0.183112808,0,0,29,0,-1,1,1,1.641E+12,1.641E+12
158,2706,1.71949E+12,com.google.android.gms,10245,7,Location,30,0,0,0,298585,1.71993E+12,1.71993E+12,62390,38961669,703,1.48545925,0,0,11643,0,-1,1,1,1.71957E+12,1.641E+12
159,2706,1.71949E+12,com.android.phone,1001,-1,Location,32,0,0,0,0,0,0,15557,12789836,0,0.1650384,0,0,0,0,-1,1,0,1.641E+12,1.641E+12
160,2706,1.71949E+12,com.samsung.android.rubin.app,10103,-1,Location,35,0,0,0,0,0,0,11670,12093764,0,0.183112808,0,0,29,0,-1,1,1,1.641E+12,1.641E+12
161,2706,1.71949E+12,com.sec.location.nsflp2,5013,-1,Location,44,0,0,0,0,0,0,-1,-1,-1,-1,-1,-1,-1,0,-1,1,1,1.641E+12,1.641E+12
162,2706,1.71949E+12,com.samsung.android.networkdiagnostic,5023,-1,Location,8,0,0,0,0,0,0,4858,10995,0,0.080209579,0,0,118,0,-1,1,1,1.641E+12,1.641E+12
163,2706,1.71949E+12,com.samsung.android.rubin.app,10103,-1,Location,35,0,0,0,0,0,0,11670,12093764,0,0.183112808,0,0,29,0,-1,1,1,1.641E+12,1.641E+12
164,2706,1.71949E+12,com.sec.location.nsflp2,5013,-1,Location,44,0,0,0,0,0,0,-1,-1,-1,-1,-1,-1,-1,0,-1,1,1,1.641E+12,1.641E+12
165,2706,1.71949E+12,com.android.phone,1001,-1,Location,32,0,0,0,0,0,0,15557,12789836,0,0.1650384,0,0,0,0,-1,1,0,1.641E+12,1.641E+12
166,2706,1.71949E+12,com.android.phone,1001,-1,Location,32,0,0,0,0,0,0,15557,12789836,0,0.1650384,0,0,0,0,-1,1,0,1.641E+12,1.641E+12
167,2706,1.71949E+12,com.android.phone,1001,-1,Location,32,0,0,0,0,0,0,15557,12789836,0,0.1650384,0,0,0,0,-1,1,0,1.641E+12,1.641E+12
168,2706,1.71949E+12,com.android.phone,1001,-1,Location,32,0,0,0,0,0,0,15557,12789836,0,0.1650384,0,0,0,0,-1,1,0,1.641E+12,1.641E+12
169,2706,1.71949E+12,com.android.phone,1001,-1,Location,32,0,0,0,0,0,0,15557,12789836,0,0.1650384,0,0,0,0,-1,1,0,1.641E+12,1.641E+12
170,2706,1.71949E+12,com.sec.location.nsflp2,5013,-1,Location,44,0,0,0,0,0,0,-1,-1,-1,-1,-1,-1,-1,0,-1,1,1,1.641E+12,1.641E+12
171,2706,1.71949E+12,com.samsung.android.fmm,1000,-1,Location,33,0,0,0,0,0,0,296183,0,0,8.842896202,0,0,781,0,-1,1,0,1.641E+12,1.641E+12
172,2706,1.71949E+12,com.google.android.gms,10245,7,Location,30,0,0,0,298585,1.71993E+12,1.71993E+12,62390,38961669,703,1.48545925,0,0,11643,0,-1,1,1,1.71957E+12,1.641E+12
173,2706,1.71949E+12,com.sec.location.nsflp2,5013,-1,Location,44,0,0,0,0,0,0,-1,-1,-1,-1,-1,-1,-1,0,-1,1,1,1.641E+12,1.641E+12
174,2706,1.71949E+12,com.samsung.android.rubin.app,10103,-1,Location,35,0,0,0,0,0,0,11670,12093764,0,0.183112808,0,0,29,0,-1,1,1,1.641E+12,1.641E+12
175,2706,1.71949E+12,com.samsung.android.fmm,1000,-1,Location,33,0,0,0,0,0,0,296183,0,0,8.842896202,0,0,781,0,-1,1,0,1.641E+12,1.641E+12
176,2706,1.71949E+12,com.google.android.gms,10245,7,Location,30,0,0,0,298585,1.71993E+12,1.71993E+12,62390,38961669,703,1.48545925,0,0,11643,0,-1,1,1,1.71957E+12,1.641E+12
177,2706,1.71949E+12,com.samsung.android.rubin.app,10103,-1,Location,35,0,0,0,0,0,0,11670,12093764,0,0.183112808,0,0,29,0,-1,1,1,1.641E+12,1.641E+12
178,2706,1.71949E+12,com.sec.location.nsflp2,5013,-1,Location,44,0,0,0,0,0,0,-1,-1,-1,-1,-1,-1,-1,0,-1,1,1,1.641E+12,1.641E+12
179,2706,1.71949E+12,com.samsung.android.rubin.app,10103,-1,Location,35,0,0,0,0,0,0,11670,12093764,0,0.183112808,0,0,29,0,-1,1,1,1.641E+12,1.641E+12
180,2706,1.71949E+12,com.sec.location.nsflp2,5013,-1,Location,44,0,0,0,0,0,0,-1,-1,-1,-1,-1,-1,-1,0,-1,1,1,1.641E+12,1.641E+12
181,2706,1.71949E+12,com.android.phone,1001,-1,Location,32,0,0,0,0,0,0,15557,12789836,0,0.1650384,0,0,0,0,-1,1,0,1.641E+12,1.641E+12
182,2706,1.71949E+12,com.android.phone,1001,-1,Location,32,0,0,0,0,0,0,15557,12789836,0,0.1650384,0,0,0,0,-1,1,0,1.641E+12,1.641E+12
183,2706,1.71949E+12,com.android.phone,1001,-1,Location,32,0,0,0,0,0,0,15557,12789836,0,0.1650384,0,0,0,0,-1,1,0,1.641E+12,1.641E+12
184,2706,1.71949E+12,com.sec.location.nsflp2,5013,-1,Location,44,0,0,0,0,0,0,-1,-1,-1,-1,-1,-1,-1,0,-1,1,1,1.641E+12,1.641E+12
185,2706,1.71949E+12,com.samsung.android.fmm,1000,-1,Location,33,0,0,0,0,0,0,296183,0,0,8.842896202,0,0,781,0,-1,1,0,1.641E+12,1.641E+12
186,2706,1.71949E+12,com.sec.location.nsflp2,5013,-1,Location,44,0,0,0,0,0,0,-1,-1,-1,-1,-1,-1,-1,0,-1,1,1,1.641E+12,1.641E+12
187,2706,1.71949E+12,com.samsung.android.fmm,1000,-1,Location,33,0,0,0,0,0,0,296183,0,0,8.842896202,0,0,781,0,-1,1,0,1.641E+12,1.641E+12
188,2706,1.71949E+12,com.google.android.gms,10245,7,Location,30,0,0,0,298585,1.71993E+12,1.71993E+12,62390,38961669,703,1.48545925,0,0,11643,0,-1,1,1,1.71957E+12,1.641E+12
189,2706,1.71949E+12,com.samsung.android.rubin.app,10103,-1,Location,35,0,0,0,0,0,0,11670,12093764,0,0.183112808,0,0,29,0,-1,1,1,1.641E+12,1.641E+12
190,2706,1.71949E+12,com.android.phone,1001,-1,Location,32,0,0,0,0,0,0,15557,12789836,0,0.1650384,0,0,0,0,-1,1,0,1.641E+12,1.641E+12
191,2706,1.71949E+12,com.android.phone,1001,-1,Location,32,0,0,0,0,0,0,15557,12789836,0,0.1650384,0,0,0,0,-1,1,0,1.641E+12,1.641E+12
192,2706,1.71949E+12,com.android.phone,1001,-1,Location,32,0,0,0,0,0,0,15557,12789836,0,0.1650384,0,0,0,0,-1,1,0,1.641E+12,1.641E+12
193,2706,1.71949E+12,com.android.phone,1001,-1,Location,32,0,0,0,0,0,0,15557,12789836,0,0.1650384,0,0,0,0,-1,1,0,1.641E+12,1.641E+12
194,2706,1.71949E+12,com.android.phone,1001,-1,Location,32,0,0,0,0,0,0,15557,12789836,0,0.1650384,0,0,0,0,-1,1,0,1.641E+12,1.641E+12
195,2706,1.71949E+12,com.android.phone,1001,-1,Location,32,0,0,0,0,0,0,15557,12789836,0,0.1650384,0,0,0,0,-1,1,0,1.641E+12,1.641E+12
196,2706,1.71949E+12,com.android.phone,1001,-1,Location,32,0,0,0,0,0,0,15557,12789836,0,0.1650384,0,0,0,0,-1,1,0,1.641E+12,1.641E+12
197,2706,1.71949E+12,com.sec.location.nsflp2,5013,-1,Location,44,0,0,0,0,0,0,-1,-1,-1,-1,-1,-1,-1,0,-1,1,1,1.641E+12,1.641E+12
198,2706,1.71949E+12,com.samsung.android.fmm,1000,-1,Location,33,0,0,0,0,0,0,296183,0,0,8.842896202,0,0,781,0,-1,1,0,1.641E+12,1.641E+12
199,2706,1.71949E+12,com.samsung.android.rubin.app,10103,-1,Location,35,0,0,0,0,0,0,11670,12093764,0,0.183112808,0,0,29,0,-1,1,1,1.641E+12,1.641E+12
200,2706,1.71949E+12,com.sec.location.nsflp2,5013,-1,Location,44,0,0,0,0,0,0,-1,-1,-1,-1,-1,-1,-1,0,-1,1,1,1.641E+12,1.641E+12
201,2706,1.71949E+12,com.samsung.android.fmm,1000,-1,Location,33,0,0,0,0,0,0,296183,0,0,8.842896202,0,0,781,0,-1,1,0,1.641E+12,1.641E+12
202,2706,1.71949E+12,com.samsung.android.rubin.app,10103,-1,Location,35,0,0,0,0,0,0,11670,12093764,0,0.183112808,0,0,29,0,-1,1,1,1.641E+12,1.641E+12
203,2706,1.71949E+12,com.sec.location.nsflp2,5013,-1,Location,44,0,0,0,0,0,0,-1,-1,-1,-1,-1,-1,-1,0,-1,1,1,1.641E+12,1.641E+12
204,2706,1.71949E+12,com.sec.location.nsflp2,5013,-1,Location,44,0,0,0,0,0,0,-1,-1,-1,-1,-1,-1,-1,0,-1,1,1,1.641E+12,1.641E+12
205,2706,1.71949E+12,com.samsung.android.fmm,1000,-1,Location,33,0,0,0,0,0,0,296183,0,0,8.842896202,0,0,781,0,-1,1,0,1.641E+12,1.641E+12
206,2706,1.71949E+12,com.samsung.android.rubin.app,10103,-1,Location,35,0,0,0,0,0,0,11670,12093764,0,0.183112808,0,0,29,0,-1,1,1,1.641E+12,1.641E+12
207,2706,1.71949E+12,com.google.android.gms,10245,7,Location,30,0,0,0,298585,1.71993E+12,1.71993E+12,62390,38961669,703,1.48545925,0,0,11643,0,-1,1,1,1.71957E+12,1.641E+12
208,2706,1.71949E+12,com.samsung.android.networkdiagnostic,5023,-1,Location,8,0,0,0,0,0,0,4858,10995,0,0.080209579,0,0,118,0,-1,1,1,1.641E+12,1.641E+12
209,2706,1.71949E+12,com.android.phone,1001,-1,Location,32,0,0,0,0,0,0,15557,12789836,0,0.1650384,0,0,0,0,-1,1,0,1.641E+12,1.641E+12
210,2706,1.71949E+12,com.sec.location.nsflp2,5013,-1,Location,44,0,0,0,0,0,0,-1,-1,-1,-1,-1,-1,-1,0,-1,1,1,1.641E+12,1.641E+12
211,2706,1.71949E+12,com.samsung.android.fmm,1000,-1,Location,33,0,0,0,0,0,0,296183,0,0,8.842896202,0,0,781,0,-1,1,0,1.641E+12,1.641E+12
212,2706,1.71949E+12,com.google.android.gms,10245,7,Location,30,0,0,0,298585,1.71993E+12,1.71993E+12,62390,38961669,703,1.48545925,0,0,11643,0,-1,1,1,1.71957E+12,1.641E+12
213,2706,1.71949E+12,com.samsung.android.fmm,1000,-1,Location,33,0,0,0,0,0,0,296183,0,0,8.842896202,0,0,781,0,-1,1,0,1.641E+12,1.641E+12
214,2706,1.71949E+12,com.samsung.android.fmm,1000,-1,Location,33,0,0,0,0,0,0,296183,0,0,8.842896202,0,0,781,0,-1,1,0,1.641E+12,1.641E+12
215,2706,1.71949E+12,com.samsung.android.fmm,1000,-1,Location,33,0,0,0,0,0,0,296183,0,0,8.842896202,0,0,781,0,-1,1,0,1.641E+12,1.641E+12
216,2706,1.71949E+12,com.samsung.android.fmm,1000,-1,Location,33,0,0,0,0,0,0,296183,0,0,8.842896202,0,0,781,0,-1,1,0,1.641E+12,1.641E+12
217,2706,1.71949E+12,com.samsung.android.fmm,1000,-1,Location,33,0,0,0,0,0,0,296183,0,0,8.842896202,0,0,781,0,-1,1,0,1.641E+12,1.641E+12
218,2706,1.71949E+12,com.samsung.android.fmm,1000,-1,Location,33,0,0,0,0,0,0,296183,0,0,8.842896202,0,0,781,0,-1,1,0,1.641E+12,1.641E+12
219,2706,1.71949E+12,com.samsung.android.fmm,1000,-1,Location,33,0,0,0,0,0,0,296183,0,0,8.842896202,0,0,781,0,-1,1,0,1.641E+12,1.641E+12
220,2706,1.71949E+12,com.sec.location.nsflp2,5013,-1,Location,44,0,0,0,0,0,0,-1,-1,-1,-1,-1,-1,-1,0,-1,1,1,1.641E+12,1.641E+12
221,2706,1.71949E+12,com.samsung.android.rubin.app,10103,-1,Location,35,0,0,0,0,0,0,11670,12093764,0,0.183112808,0,0,29,0,-1,1,1,1.641E+12,1.641E+12
222,2706,1.71949E+12,com.google.android.gms,10245,7,Location,30,0,0,0,298585,1.71993E+12,1.71993E+12,62390,38961669,703,1.48545925,0,0,11643,0,-1,1,1,1.71957E+12,1.641E+12
223,2706,1.71949E+12,com.google.android.gms,10245,7,Location,30,0,0,0,298585,1.71993E+12,1.71993E+12,62390,38961669,703,1.48545925,0,0,11643,0,-1,1,1,1.71957E+12,1.641E+12
224,2706,1.71948E+12,com.samsung.android.rubin.app,10103,-1,Location,35,0,0,0,0,0,0,11670,12093764,0,0.183112808,0,0,29,0,-1,1,1,1.641E+12,1.641E+12
225,2706,1.71948E+12,com.sec.location.nsflp2,5013,-1,Location,44,0,0,0,0,0,0,-1,-1,-1,-1,-1,-1,-1,0,-1,1,1,1.641E+12,1.641E+12
226,2706,1.71948E+12,com.sec.location.nsflp2,5013,-1,Location,44,0,0,0,0,0,0,-1,-1,-1,-1,-1,-1,-1,0,-1,1,1,1.641E+12,1.641E+12
227,2706,1.71948E+12,com.samsung.android.fmm,1000,-1,Location,33,0,0,0,0,0,0,296183,0,0,8.842896202,0,0,781,0,-1,1,0,1.641E+12,1.641E+12
228,2706,1.71948E+12,com.google.android.gms,10245,7,Location,30,0,0,0,298585,1.71993E+12,1.71993E+12,62390,38961669,703,1.48545925,0,0,11643,0,-1,1,1,1.71957E+12,1.641E+12
229,2706,1.71948E+12,com.sec.location.nsflp2,5013,-1,Location,44,0,0,0,0,0,0,-1,-1,-1,-1,-1,-1,-1,0,-1,1,1,1.641E+12,1.641E+12
230,2706,1.71948E+12,com.samsung.android.rubin.app,10103,-1,Location,35,0,0,0,0,0,0,11670,12093764,0,0.183112808,0,0,29,0,-1,1,1,1.641E+12,1.641E+12
231,2706,1.71948E+12,com.samsung.android.fmm,1000,-1,Location,33,0,0,0,0,0,0,296183,0,0,8.842896202,0,0,781,0,-1,1,0,1.641E+12,1.641E+12
232,2706,1.71948E+12,com.google.android.gms,10245,7,Location,30,0,0,0,298585,1.71993E+12,1.71993E+12,62390,38961669,703,1.48545925,0,0,11643,0,-1,1,1,1.71957E+12,1.641E+12
233,2706,1.71948E+12,com.sec.location.nsflp2,5013,-1,Location,44,0,0,0,0,0,0,-1,-1,-1,-1,-1,-1,-1,0,-1,1,1,1.641E+12,1.641E+12
234,2706,1.71948E+12,com.samsung.android.fmm,1000,-1,Location,33,0,0,0,0,0,0,296183,0,0,8.842896202,0,0,781,0,-1,1,0,1.641E+12,1.641E+12
235,2706,1.71948E+12,com.google.android.gms,10245,7,Location,30,0,0,0,298585,1.71993E+12,1.71993E+12,62390,38961669,703,1.48545925,0,0,11643,0,-1,1,1,1.71957E+12,1.641E+12
236,2706,1.71948E+12,com.sec.location.nsflp2,5013,-1,Location,44,0,0,0,0,0,0,-1,-1,-1,-1,-1,-1,-1,0,-1,1,1,1.641E+12,1.641E+12
237,2706,1.71948E+12,com.samsung.android.rubin.app,10103,-1,Location,35,0,0,0,0,0,0,11670,12093764,0,0.183112808,0,0,29,0,-1,1,1,1.641E+12,1.641E+12
238,2706,1.71948E+12,com.samsung.android.fmm,1000,-1,Location,33,0,0,0,0,0,0,296183,0,0,8.842896202,0,0,781,0,-1,1,0,1.641E+12,1.641E+12
239,2706,1.71948E+12,com.google.android.gms,10245,7,Location,30,0,0,0,298585,1.71993E+12,1.71993E+12,62390,38961669,703,1.48545925,0,0,11643,0,-1,1,1,1.71957E+12,1.641E+12
240,2706,1.71948E+12,com.sec.location.nsflp2,5013,-1,Location,44,0,0,0,0,0,0,-1,-1,-1,-1,-1,-1,-1,0,-1,1,1,1.641E+12,1.641E+12
241,2706,1.71948E+12,com.samsung.android.fmm,1000,-1,Location,33,0,0,0,0,0,0,296183,0,0,8.842896202,0,0,781,0,-1,1,0,1.641E+12,1.641E+12
242,2706,1.71948E+12,com.google.android.gms,10245,7,Location,30,0,0,0,298585,1.71993E+12,1.71993E+12,62390,38961669,703,1.48545925,0,0,11643,0,-1,1,1,1.71957E+12,1.641E+12
243,2706,1.71948E+12,com.sec.location.nsflp2,5013,-1,Location,44,0,0,0,0,0,0,-1,-1,-1,-1,-1,-1,-1,0,-1,1,1,1.641E+12,1.641E+12
244,2706,1.71948E+12,com.samsung.android.rubin.app,10103,-1,Location,35,0,0,0,0,0,0,11670,12093764,0,0.183112808,0,0,29,0,-1,1,1,1.641E+12,1.641E+12
245,2706,1.71948E+12,com.samsung.android.fmm,1000,-1,Location,33,0,0,0,0,0,0,296183,0,0,8.842896202,0,0,781,0,-1,1,0,1.641E+12,1.641E+12
246,2706,1.71948E+12,com.google.android.gms,10245,7,Location,30,0,0,0,298585,1.71993E+12,1.71993E+12,62390,38961669,703,1.48545925,0,0,11643,0,-1,1,1,1.71957E+12,1.641E+12
247,2706,1.71948E+12,com.samsung.android.rubin.app,10103,-1,Location,35,0,0,0,0,0,0,11670,12093764,0,0.183112808,0,0,29,0,-1,1,1,1.641E+12,1.641E+12
248,2706,1.71948E+12,com.sec.location.nsflp2,5013,-1,Location,44,0,0,0,0,0,0,-1,-1,-1,-1,-1,-1,-1,0,-1,1,1,1.641E+12,1.641E+12
249,2706,1.71948E+12,com.google.android.gms,10245,7,Location,30,0,0,0,298585,1.71993E+12,1.71993E+12,62390,38961669,703,1.48545925,0,0,11643,0,-1,1,1,1.71957E+12,1.641E+12
250,2706,1.71948E+12,com.samsung.android.rubin.app,10103,-1,Location,35,0,0,0,0,0,0,11670,12093764,0,0.183112808,0,0,29,0,-1,1,1,1.641E+12,1.641E+12
251,2706,1.71948E+12,com.sec.location.nsflp2,5013,-1,Location,44,0,0,0,0,0,0,-1,-1,-1,-1,-1,-1,-1,0,-1,1,1,1.641E+12,1.641E+12
252,2706,1.71948E+12,com.google.android.googlequicksearchbox,10246,7,Microphone,1,0,0,0,84423,1.71948E+12,1.71948E+12,8392,15373694,130,0.219842094,0,0,834,0,-1,1,0,1.71958E+12,1.641E+12
253,2706,1.71948E+12,com.google.android.googlequicksearchbox,10246,7,Location,1,0,0,0,84423,1.71948E+12,1.71948E+12,8392,15373694,130,0.219842094,0,0,834,0,-1,1,0,1.71958E+12,1.641E+12
254,2706,1.71948E+12,com.android.phone,1001,-1,Location,32,0,0,0,0,0,0,15557,12789836,0,0.1650384,0,0,0,0,-1,1,0,1.641E+12,1.641E+12
255,2706,1.71948E+12,com.samsung.android.app.contacts,10115,-1,Contacts,2,0,0,0,11598,1.71881E+12,1.71881E+12,-1,-1,-1,-1,-1,-1,-1,0,-1,1,1,1.641E+12,1.641E+12
256,2706,1.71948E+12,com.samsung.android.networkdiagnostic,5023,-1,Location,8,0,0,0,0,0,0,4858,10995,0,0.080209579,0,0,118,0,-1,1,1,1.641E+12,1.641E+12
257,2706,1.71948E+12,com.sec.android.app.camera,10112,-1,Location,3,0,1.71993E+12,12151,1101832,1.71993E+12,1.71993E+12,-1,-1,-1,-1,-1,-1,-1,0,-1,1,0,1.641E+12,1.641E+12
258,2706,1.71948E+12,com.google.android.gms,10245,7,Location,30,0,0,0,298585,1.71993E+12,1.71993E+12,62390,38961669,703,1.48545925,0,0,11643,0,-1,1,1,1.71957E+12,1.641E+12
259,2706,1.71948E+12,com.samsung.android.app.contacts,10115,-1,Contacts,2,0,0,0,11598,1.71881E+12,1.71881E+12,-1,-1,-1,-1,-1,-1,-1,0,-1,1,1,1.641E+12,1.641E+12
260,2706,1.71948E+12,com.samsung.android.rubin.app,10103,-1,Location,35,0,0,0,0,0,0,11670,12093764,0,0.183112808,0,0,29,0,-1,1,1,1.641E+12,1.641E+12
261,2706,1.71948E+12,com.sec.location.nsflp2,5013,-1,Location,44,0,0,0,0,0,0,-1,-1,-1,-1,-1,-1,-1,0,-1,1,1,1.641E+12,1.641E+12
262,2706,1.71948E+12,com.sec.android.app.camera,10112,-1,Camera,3,0,1.71993E+12,12151,1101832,1.71993E+12,1.71993E+12,-1,-1,-1,-1,-1,-1,-1,0,-1,1,0,1.641E+12,1.641E+12
263,2706,1.71948E+12,com.samsung.android.rubin.app,10103,-1,Location,35,0,0,0,0,0,0,11670,12093764,0,0.183112808,0,0,29,0,-1,1,1,1.641E+12,1.641E+12
264,2706,1.71948E+12,com.google.android.gms,10245,7,Location,30,0,0,0,298585,1.71993E+12,1.71993E+12,62390,38961669,703,1.48545925,0,0,11643,0,-1,1,1,1.71957E+12,1.641E+12
265,2706,1.71948E+12,com.google.android.as,10235,7,Location,1,0,0,0,0,0,0,-1,-1,-1,-1,-1,-1,-1,0,-1,1,1,1.71886E+12,1.641E+12
266,2706,1.71948E+12,com.google.android.gms,10245,7,Location,30,0,0,0,298585,1.71993E+12,1.71993E+12,62390,38961669,703,1.48545925,0,0,11643,0,-1,1,1,1.71957E+12,1.641E+12
267,2706,1.71948E+12,com.google.android.gms,10245,7,Location,30,0,0,0,298585,1.71993E+12,1.71993E+12,62390,38961669,703,1.48545925,0,0,11643,0,-1,1,1,1.71957E+12,1.641E+12
268,2706,1.71948E+12,com.google.android.gms,10245,7,Location,30,0,0,0,298585,1.71993E+12,1.71993E+12,62390,38961669,703,1.48545925,0,0,11643,0,-1,1,1,1.71957E+12,1.641E+12
269,2706,1.71948E+12,com.sec.location.nsflp2,5013,-1,Location,44,0,0,0,0,0,0,-1,-1,-1,-1,-1,-1,-1,0,-1,1,1,1.641E+12,1.641E+12
270,2706,1.71948E+12,com.samsung.android.fmm,1000,-1,Location,33,0,0,0,0,0,0,296183,0,0,8.842896202,0,0,781,0,-1,1,0,1.641E+12,1.641E+12
271,2706,1.71948E+12,com.samsung.android.rubin.app,10103,-1,Location,35,0,0,0,0,0,0,11670,12093764,0,0.183112808,0,0,29,0,-1,1,1,1.641E+12,1.641E+12
272,2706,1.71948E+12,com.android.phone,1001,-1,Location,32,0,0,0,0,0,0,15557,12789836,0,0.1650384,0,0,0,0,-1,1,0,1.641E+12,1.641E+12
273,2706,1.71948E+12,com.android.phone,1001,-1,Location,32,0,0,0,0,0,0,15557,12789836,0,0.1650384,0,0,0,0,-1,1,0,1.641E+12,1.641E+12
274,2706,1.71948E+12,com.android.phone,1001,-1,Location,32,0,0,0,0,0,0,15557,12789836,0,0.1650384,0,0,0,0,-1,1,0,1.641E+12,1.641E+12
275,2706,1.71948E+12,com.samsung.android.networkdiagnostic,5023,-1,Location,8,0,0,0,0,0,0,4858,10995,0,0.080209579,0,0,118,0,-1,1,1,1.641E+12,1.641E+12
276,2706,1.71948E+12,com.samsung.android.rubin.app,10103,-1,Location,35,0,0,0,0,0,0,11670,12093764,0,0.183112808,0,0,29,0,-1,1,1,1.641E+12,1.641E+12
277,2706,1.71948E+12,com.sec.location.nsflp2,5013,-1,Location,44,0,0,0,0,0,0,-1,-1,-1,-1,-1,-1,-1,0,-1,1,1,1.641E+12,1.641E+12
278,2706,1.71948E+12,com.google.android.gms,10245,7,Location,30,0,0,0,298585,1.71993E+12,1.71993E+12,62390,38961669,703,1.48545925,0,0,11643,0,-1,1,1,1.71957E+12,1.641E+12
279,2706,1.71948E+12,com.samsung.android.rubin.app,10103,-1,Location,35,0,0,0,0,0,0,11670,12093764,0,0.183112808,0,0,29,0,-1,1,1,1.641E+12,1.641E+12
280,2706,1.71948E+12,com.sec.location.nsflp2,5013,-1,Location,44,0,0,0,0,0,0,-1,-1,-1,-1,-1,-1,-1,0,-1,1,1,1.641E+12,1.641E+12
281,2706,1.71948E+12,com.google.android.gms,10245,7,Location,30,0,0,0,298585,1.71993E+12,1.71993E+12,62390,38961669,703,1.48545925,0,0,11643,0,-1,1,1,1.71957E+12,1.641E+12
282,2706,1.71948E+12,com.android.phone,1001,-1,Location,32,0,0,0,0,0,0,15557,12789836,0,0.1650384,0,0,0,0,-1,1,0,1.641E+12,1.641E+12
283,2706,1.71947E+12,com.android.phone,1001,-1,Location,32,0,0,0,0,0,0,15557,12789836,0,0.1650384,0,0,0,0,-1,1,0,1.641E+12,1.641E+12
284,2706,1.71947E+12,com.android.phone,1001,-1,Location,32,0,0,0,0,0,0,15557,12789836,0,0.1650384,0,0,0,0,-1,1,0,1.641E+12,1.641E+12
285,2706,1.71947E+12,com.samsung.android.rubin.app,10103,-1,Location,35,0,0,0,0,0,0,11670,12093764,0,0.183112808,0,0,29,0,-1,1,1,1.641E+12,1.641E+12
286,2706,1.71947E+12,com.sec.location.nsflp2,5013,-1,Location,44,0,0,0,0,0,0,-1,-1,-1,-1,-1,-1,-1,0,-1,1,1,1.641E+12,1.641E+12
287,2706,1.71947E+12,com.samsung.android.networkdiagnostic,5023,-1,Location,8,0,0,0,0,0,0,4858,10995,0,0.080209579,0,0,118,0,-1,1,1,1.641E+12,1.641E+12
288,2706,1.71947E+12,com.android.phone,1001,-1,Location,32,0,0,0,0,0,0,15557,12789836,0,0.1650384,0,0,0,0,-1,1,0,1.641E+12,1.641E+12
289,2706,1.71947E+12,com.android.phone,1001,-1,Location,32,0,0,0,0,0,0,15557,12789836,0,0.1650384,0,0,0,0,-1,1,0,1.641E+12,1.641E+12
290,2706,1.71947E+12,com.android.phone,1001,-1,Location,32,0,0,0,0,0,0,15557,12789836,0,0.1650384,0,0,0,0,-1,1,0,1.641E+12,1.641E+12
291,2706,1.71947E+12,com.android.phone,1001,-1,Location,32,0,0,0,0,0,0,15557,12789836,0,0.1650384,0,0,0,0,-1,1,0,1.641E+12,1.641E+12
292,2706,1.71947E+12,com.google.android.gms,10245,7,Location,30,0,0,0,298585,1.71993E+12,1.71993E+12,62390,38961669,703,1.48545925,0,0,11643,0,-1,1,1,1.71957E+12,1.641E+12
293,2706,1.71947E+12,com.sec.location.nsflp2,5013,-1,Location,44,0,0,0,0,0,0,-1,-1,-1,-1,-1,-1,-1,0,-1,1,1,1.641E+12,1.641E+12
294,2706,1.71947E+12,com.samsung.android.fmm,1000,-1,Location,33,0,0,0,0,0,0,296183,0,0,8.842896202,0,0,781,0,-1,1,0,1.641E+12,1.641E+12
295,2706,1.71947E+12,com.samsung.android.fmm,1000,-1,Location,33,0,0,0,0,0,0,296183,0,0,8.842896202,0,0,781,0,-1,1,0,1.641E+12,1.641E+12
296,2706,1.71947E+12,com.samsung.android.networkdiagnostic,5023,-1,Location,8,0,0,0,0,0,0,4858,10995,0,0.080209579,0,0,118,0,-1,1,1,1.641E+12,1.641E+12
297,2706,1.71947E+12,com.samsung.android.rubin.app,10103,-1,Location,35,0,0,0,0,0,0,11670,12093764,0,0.183112808,0,0,29,0,-1,1,1,1.641E+12,1.641E+12
298,2706,1.71947E+12,com.sec.location.nsflp2,5013,-1,Location,44,0,0,0,0,0,0,-1,-1,-1,-1,-1,-1,-1,0,-1,1,1,1.641E+12,1.641E+12
299,2706,1.71947E+12,com.sec.location.nsflp2,5013,-1,Location,44,0,0,0,0,0,0,-1,-1,-1,-1,-1,-1,-1,0,-1,1,1,1.641E+12,1.641E+12
300,2706,1.71947E+12,com.samsung.android.fmm,1000,-1,Location,33,0,0,0,0,0,0,296183,0,0,8.842896202,0,0,781,0,-1,1,0,1.641E+12,1.641E+12
301,2706,1.71947E+12,com.samsung.android.rubin.app,10103,-1,Location,35,0,0,0,0,0,0,11670,12093764,0,0.183112808,0,0,29,0,-1,1,1,1.641E+12,1.641E+12
302,2706,1.71947E+12,com.android.phone,1001,-1,Location,32,0,0,0,0,0,0,15557,12789836,0,0.1650384,0,0,0,0,-1,1,0,1.641E+12,1.641E+12
303,2706,1.71947E+12,com.sec.location.nsflp2,5013,-1,Location,44,0,0,0,0,0,0,-1,-1,-1,-1,-1,-1,-1,0,-1,1,1,1.641E+12,1.641E+12
304,2706,1.71947E+12,com.samsung.android.fmm,1000,-1,Location,33,0,0,0,0,0,0,296183,0,0,8.842896202,0,0,781,0,-1,1,0,1.641E+12,1.641E+12
305,2706,1.71947E+12,com.samsung.android.rubin.app,10103,-1,Location,35,0,0,0,0,0,0,11670,12093764,0,0.183112808,0,0,29,0,-1,1,1,1.641E+12,1.641E+12
306,2706,1.71947E+12,com.android.phone,1001,-1,Location,32,0,0,0,0,0,0,15557,12789836,0,0.1650384,0,0,0,0,-1,1,0,1.641E+12,1.641E+12
307,2706,1.71947E+12,com.sec.location.nsflp2,5013,-1,Location,44,0,0,0,0,0,0,-1,-1,-1,-1,-1,-1,-1,0,-1,1,1,1.641E+12,1.641E+12
308,2706,1.71947E+12,com.samsung.android.fmm,1000,-1,Location,33,0,0,0,0,0,0,296183,0,0,8.842896202,0,0,781,0,-1,1,0,1.641E+12,1.641E+12
309,2706,1.71947E+12,com.samsung.android.rubin.app,10103,-1,Location,35,0,0,0,0,0,0,11670,12093764,0,0.183112808,0,0,29,0,-1,1,1,1.641E+12,1.641E+12
310,2706,1.71947E+12,com.samsung.android.networkdiagnostic,5023,-1,Location,8,0,0,0,0,0,0,4858,10995,0,0.080209579,0,0,118,0,-1,1,1,1.641E+12,1.641E+12
311,2706,1.71947E+12,com.samsung.android.rubin.app,10103,-1,Location,35,0,0,0,0,0,0,11670,12093764,0,0.183112808,0,0,29,0,-1,1,1,1.641E+12,1.641E+12
312,2706,1.71947E+12,com.sec.location.nsflp2,5013,-1,Location,44,0,0,0,0,0,0,-1,-1,-1,-1,-1,-1,-1,0,-1,1,1,1.641E+12,1.641E+12
313,2706,1.71947E+12,com.google.android.gms,10245,7,Location,30,0,0,0,298585,1.71993E+12,1.71993E+12,62390,38961669,703,1.48545925,0,0,11643,0,-1,1,1,1.71957E+12,1.641E+12
314,2706,1.71946E+12,com.samsung.android.networkdiagnostic,5023,-1,Location,8,0,0,0,0,0,0,4858,10995,0,0.080209579,0,0,118,0,-1,1,1,1.641E+12,1.641E+12
315,2706,1.71946E+12,com.samsung.android.rubin.app,10103,-1,Location,35,0,0,0,0,0,0,11670,12093764,0,0.183112808,0,0,29,0,-1,1,1,1.641E+12,1.641E+12
316,2706,1.71946E+12,com.sec.location.nsflp2,5013,-1,Location,44,0,0,0,0,0,0,-1,-1,-1,-1,-1,-1,-1,0,-1,1,1,1.641E+12,1.641E+12
317,2606,1.71944E+12,com.samsung.android.networkdiagnostic,5023,-1,Location,17,0,0,0,0,0,0,4858,10995,0,0.080209579,0,0,118,0,-1,1,1,1.641E+12,1.641E+12
318,2606,1.71944E+12,com.google.android.gms,10245,7,Location,13,0,0,0,298585,1.71993E+12,1.71993E+12,62390,38961669,703,1.48545925,0,0,11643,0,-1,1,1,1.71957E+12,1.641E+12
319,2606,1.71944E+12,com.samsung.android.rubin.app,10103,-1,Location,36,0,0,0,0,0,0,11670,12093764,0,0.183112808,0,0,29,0,-1,1,1,1.641E+12,1.641E+12
320,2606,1.71943E+12,com.samsung.android.networkdiagnostic,5023,-1,Location,17,0,0,0,0,0,0,6402,13403,0,0.068611286,0,0,64,0,-1,1,1,1.641E+12,1.641E+12
321,2606,1.71943E+12,com.samsung.android.rubin.app,10103,-1,Location,36,0,0,0,0,0,0,10238,11436831,0,0.134974015,0,0,59,0,-1,1,1,1.641E+12,1.641E+12
322,2606,1.71943E+12,com.sec.location.nsflp2,5013,-1,Location,36,0,0,0,0,0,0,-1,-1,-1,-1,-1,-1,-1,0,-1,1,1,1.641E+12,1.641E+12
323,2606,1.71942E+12,com.samsung.android.networkdiagnostic,5023,-1,Location,17,0,0,0,0,0,0,6402,13403,0,0.068611286,0,0,64,0,-1,1,1,1.641E+12,1.641E+12
324,2606,1.71942E+12,com.google.android.gms,10245,7,Location,13,0,0,0,298585,1.71993E+12,1.71993E+12,51887,36485875,0,1.292558353,0,0,7630,0,-1,1,1,1.71957E+12,1.641E+12
325,2606,1.71942E+12,com.sec.location.nsflp2,5013,-1,Location,36,0,0,0,0,0,0,-1,-1,-1,-1,-1,-1,-1,0,-1,1,1,1.641E+12,1.641E+12
326,2606,1.71942E+12,com.samsung.android.rubin.app,10103,-1,Location,36,0,0,0,0,0,0,10238,11436831,0,0.134974015,0,0,59,0,-1,1,1,1.641E+12,1.641E+12
327,2606,1.71941E+12,com.samsung.android.rubin.app,10103,-1,Location,36,0,0,0,0,0,0,10238,11436831,0,0.134974015,0,0,59,0,-1,1,1,1.641E+12,1.641E+12
328,2606,1.71941E+12,com.sec.location.nsflp2,5013,-1,Location,36,0,0,0,0,0,0,-1,-1,-1,-1,-1,-1,-1,0,-1,1,1,1.641E+12,1.641E+12
329,2606,1.71941E+12,com.google.android.gms,10245,7,Location,13,0,0,0,298585,1.71993E+12,1.71993E+12,51887,36485875,0,1.292558353,0,0,7630,0,-1,1,1,1.71957E+12,1.641E+12
330,2606,1.71941E+12,com.samsung.android.rubin.app,10103,-1,Location,36,0,0,0,0,0,0,10238,11436831,0,0.134974015,0,0,59,0,-1,1,1,1.641E+12,1.641E+12
331,2606,1.71941E+12,com.sec.location.nsflp2,5013,-1,Location,36,0,0,0,0,0,0,-1,-1,-1,-1,-1,-1,-1,0,-1,1,1,1.641E+12,1.641E+12
332,2606,1.71941E+12,com.samsung.android.rubin.app,10103,-1,Location,36,0,0,0,0,0,0,10238,11436831,0,0.134974015,0,0,59,0,-1,1,1,1.641E+12,1.641E+12
333,2606,1.71941E+12,com.sec.location.nsflp2,5013,-1,Location,36,0,0,0,0,0,0,-1,-1,-1,-1,-1,-1,-1,0,-1,1,1,1.641E+12,1.641E+12
334,2606,1.71941E+12,com.google.android.gms,10245,7,Location,13,0,0,0,298585,1.71993E+12,1.71993E+12,51887,36485875,0,1.292558353,0,0,7630,0,-1,1,1,1.71957E+12,1.641E+12
335,2606,1.71941E+12,com.sec.location.nsflp2,5013,-1,Location,36,0,0,0,0,0,0,-1,-1,-1,-1,-1,-1,-1,0,-1,1,1,1.641E+12,1.641E+12
336,2606,1.71941E+12,com.samsung.android.fmm,1000,-1,Location,22,0,0,0,0,0,0,255837,0,0,8.451895763,0,0,1075,0,-1,1,0,1.641E+12,1.641E+12
337,2606,1.71941E+12,com.sec.location.nsflp2,5013,-1,Location,36,0,0,0,0,0,0,-1,-1,-1,-1,-1,-1,-1,0,-1,1,1,1.641E+12,1.641E+12
338,2606,1.71941E+12,com.samsung.android.rubin.app,10103,-1,Location,36,0,0,0,0,0,0,10238,11436831,0,0.134974015,0,0,59,0,-1,1,1,1.641E+12,1.641E+12
339,2606,1.71941E+12,com.samsung.android.fmm,1000,-1,Location,22,0,0,0,0,0,0,255837,0,0,8.451895763,0,0,1075,0,-1,1,0,1.641E+12,1.641E+12
340,2606,1.71941E+12,com.android.phone,1001,-1,Location,44,0,0,0,0,0,0,22635,14758842,0,0.18698445,0,0,0,0,-1,1,0,1.641E+12,1.641E+12
341,2606,1.71941E+12,com.android.phone,1001,-1,Location,44,0,0,0,0,0,0,22635,14758842,0,0.18698445,0,0,0,0,-1,1,0,1.641E+12,1.641E+12
342,2606,1.71941E+12,com.android.phone,1001,-1,Location,44,0,0,0,0,0,0,22635,14758842,0,0.18698445,0,0,0,0,-1,1,0,1.641E+12,1.641E+12
343,2606,1.71941E+12,com.sec.location.nsflp2,5013,-1,Location,36,0,0,0,0,0,0,-1,-1,-1,-1,-1,-1,-1,0,-1,1,1,1.641E+12,1.641E+12
344,2606,1.71941E+12,com.samsung.android.fmm,1000,-1,Location,22,0,0,0,0,0,0,255837,0,0,8.451895763,0,0,1075,0,-1,1,0,1.641E+12,1.641E+12
345,2606,1.71941E+12,com.samsung.android.rubin.app,10103,-1,Location,36,0,0,0,0,0,0,10238,11436831,0,0.134974015,0,0,59,0,-1,1,1,1.641E+12,1.641E+12
346,2606,1.71941E+12,com.samsung.android.fmm,1000,-1,Location,22,0,0,0,0,0,0,255837,0,0,8.451895763,0,0,1075,0,-1,1,0,1.641E+12,1.641E+12
347,2606,1.71941E+12,com.samsung.android.rubin.app,10103,-1,Location,36,0,0,0,0,0,0,10238,11436831,0,0.134974015,0,0,59,0,-1,1,1,1.641E+12,1.641E+12
348,2606,1.71941E+12,com.sec.location.nsflp2,5013,-1,Location,36,0,0,0,0,0,0,-1,-1,-1,-1,-1,-1,-1,0,-1,1,1,1.641E+12,1.641E+12
349,2606,1.71941E+12,com.samsung.android.networkdiagnostic,5023,-1,Location,17,0,0,0,0,0,0,6402,13403,0,0.068611286,0,0,64,0,-1,1,1,1.641E+12,1.641E+12
350,2606,1.71941E+12,com.samsung.android.rubin.app,10103,-1,Location,36,0,0,0,0,0,0,10238,11436831,0,0.134974015,0,0,59,0,-1,1,1,1.641E+12,1.641E+12
351,2606,1.71941E+12,com.google.android.gms,10245,7,Location,13,0,0,0,298585,1.71993E+12,1.71993E+12,51887,36485875,0,1.292558353,0,0,7630,0,-1,1,1,1.71957E+12,1.641E+12
352,2606,1.71941E+12,com.android.phone,1001,-1,Location,44,0,0,0,0,0,0,22635,14758842,0,0.18698445,0,0,0,0,-1,1,0,1.641E+12,1.641E+12
353,2606,1.71941E+12,com.samsung.android.rubin.app,10103,-1,Location,36,0,0,0,0,0,0,10238,11436831,0,0.134974015,0,0,59,0,-1,1,1,1.641E+12,1.641E+12
354,2606,1.71941E+12,com.sec.location.nsflp2,5013,-1,Location,36,0,0,0,0,0,0,-1,-1,-1,-1,-1,-1,-1,0,-1,1,1,1.641E+12,1.641E+12
355,2606,1.71941E+12,com.android.phone,1001,-1,Location,44,0,0,0,0,0,0,22635,14758842,0,0.18698445,0,0,0,0,-1,1,0,1.641E+12,1.641E+12
356,2606,1.71941E+12,com.android.phone,1001,-1,Location,44,0,0,0,0,0,0,22635,14758842,0,0.18698445,0,0,0,0,-1,1,0,1.641E+12,1.641E+12
357,2606,1.71941E+12,com.android.phone,1001,-1,Location,44,0,0,0,0,0,0,22635,14758842,0,0.18698445,0,0,0,0,-1,1,0,1.641E+12,1.641E+12
358,2606,1.71941E+12,com.android.phone,1001,-1,Location,44,0,0,0,0,0,0,22635,14758842,0,0.18698445,0,0,0,0,-1,1,0,1.641E+12,1.641E+12
359,2606,1.71941E+12,com.android.phone,1001,-1,Location,44,0,0,0,0,0,0,22635,14758842,0,0.18698445,0,0,0,0,-1,1,0,1.641E+12,1.641E+12
360,2606,1.71941E+12,com.android.phone,1001,-1,Location,44,0,0,0,0,0,0,22635,14758842,0,0.18698445,0,0,0,0,-1,1,0,1.641E+12,1.641E+12
361,2606,1.71941E+12,com.android.phone,1001,-1,Location,44,0,0,0,0,0,0,22635,14758842,0,0.18698445,0,0,0,0,-1,1,0,1.641E+12,1.641E+12
362,2606,1.71941E+12,com.android.phone,1001,-1,Location,44,0,0,0,0,0,0,22635,14758842,0,0.18698445,0,0,0,0,-1,1,0,1.641E+12,1.641E+12
363,2606,1.71941E+12,com.android.phone,1001,-1,Location,44,0,0,0,0,0,0,22635,14758842,0,0.18698445,0,0,0,0,-1,1,0,1.641E+12,1.641E+12
364,2606,1.71941E+12,com.android.phone,1001,-1,Location,44,0,0,0,0,0,0,22635,14758842,0,0.18698445,0,0,0,0,-1,1,0,1.641E+12,1.641E+12
365,2606,1.71941E+12,com.samsung.android.fmm,1000,-1,Location,22,0,0,0,0,0,0,255837,0,0,8.451895763,0,0,1075,0,-1,1,0,1.641E+12,1.641E+12
366,2606,1.71941E+12,com.sec.location.nsflp2,5013,-1,Location,36,0,0,0,0,0,0,-1,-1,-1,-1,-1,-1,-1,0,-1,1,1,1.641E+12,1.641E+12
367,2606,1.71941E+12,com.samsung.android.fmm,1000,-1,Location,22,0,0,0,0,0,0,255837,0,0,8.451895763,0,0,1075,0,-1,1,0,1.641E+12,1.641E+12
368,2606,1.71941E+12,com.sec.location.nsflp2,5013,-1,Location,36,0,0,0,0,0,0,-1,-1,-1,-1,-1,-1,-1,0,-1,1,1,1.641E+12,1.641E+12
369,2606,1.71941E+12,com.samsung.android.fmm,1000,-1,Location,22,0,0,0,0,0,0,255837,0,0,8.451895763,0,0,1075,0,-1,1,0,1.641E+12,1.641E+12
370,2606,1.71941E+12,com.samsung.android.rubin.app,10103,-1,Location,36,0,0,0,0,0,0,10238,11436831,0,0.134974015,0,0,59,0,-1,1,1,1.641E+12,1.641E+12
371,2606,1.71941E+12,com.sec.location.nsflp2,5013,-1,Location,36,0,0,0,0,0,0,-1,-1,-1,-1,-1,-1,-1,0,-1,1,1,1.641E+12,1.641E+12
372,2606,1.71941E+12,com.samsung.android.rubin.app,10103,-1,Location,36,0,0,0,0,0,0,10238,11436831,0,0.134974015,0,0,59,0,-1,1,1,1.641E+12,1.641E+12
373,2606,1.71941E+12,com.sec.location.nsflp2,5013,-1,Location,36,0,0,0,0,0,0,-1,-1,-1,-1,-1,-1,-1,0,-1,1,1,1.641E+12,1.641E+12
374,2606,1.71941E+12,com.samsung.android.fmm,1000,-1,Location,22,0,0,0,0,0,0,255837,0,0,8.451895763,0,0,1075,0,-1,1,0,1.641E+12,1.641E+12
375,2606,1.71941E+12,com.sec.location.nsflp2,5013,-1,Location,36,0,0,0,0,0,0,-1,-1,-1,-1,-1,-1,-1,0,-1,1,1,1.641E+12,1.641E+12
376,2606,1.71941E+12,com.samsung.android.rubin.app,10103,-1,Location,36,0,0,0,0,0,0,10238,11436831,0,0.134974015,0,0,59,0,-1,1,1,1.641E+12,1.641E+12
377,2606,1.71941E+12,com.samsung.android.networkdiagnostic,5023,-1,Location,17,0,0,0,0,0,0,6402,13403,0,0.068611286,0,0,64,0,-1,1,1,1.641E+12,1.641E+12
378,2606,1.71941E+12,com.samsung.android.networkdiagnostic,5023,-1,Location,17,0,0,0,0,0,0,6402,13403,0,0.068611286,0,0,64,0,-1,1,1,1.641E+12,1.641E+12
379,2606,1.71941E+12,com.samsung.android.fmm,1000,-1,Location,22,0,0,0,0,0,0,255837,0,0,8.451895763,0,0,1075,0,-1,1,0,1.641E+12,1.641E+12
380,2606,1.71941E+12,com.samsung.android.rubin.app,10103,-1,Location,36,0,0,0,0,0,0,10238,11436831,0,0.134974015,0,0,59,0,-1,1,1,1.641E+12,1.641E+12
381,2606,1.71941E+12,com.sec.location.nsflp2,5013,-1,Location,36,0,0,0,0,0,0,-1,-1,-1,-1,-1,-1,-1,0,-1,1,1,1.641E+12,1.641E+12
382,2606,1.71941E+12,com.google.android.gms,10245,7,Location,13,0,0,0,298585,1.71993E+12,1.71993E+12,51887,36485875,0,1.292558353,0,0,7630,0,-1,1,1,1.71957E+12,1.641E+12
383,2606,1.71941E+12,com.samsung.android.networkdiagnostic,5023,-1,Location,17,0,0,0,0,0,0,6402,13403,0,0.068611286,0,0,64,0,-1,1,1,1.641E+12,1.641E+12
384,2606,1.71941E+12,com.sec.location.nsflp2,5013,-1,Location,36,0,0,0,0,0,0,-1,-1,-1,-1,-1,-1,-1,0,-1,1,1,1.641E+12,1.641E+12
385,2606,1.71941E+12,com.samsung.android.fmm,1000,-1,Location,22,0,0,0,0,0,0,255837,0,0,8.451895763,0,0,1075,0,-1,1,0,1.641E+12,1.641E+12
386,2606,1.71941E+12,com.samsung.android.rubin.app,10103,-1,Location,36,0,0,0,0,0,0,10238,11436831,0,0.134974015,0,0,59,0,-1,1,1,1.641E+12,1.641E+12
387,2606,1.71941E+12,com.samsung.android.fmm,1000,-1,Location,22,0,0,0,0,0,0,255837,0,0,8.451895763,0,0,1075,0,-1,1,0,1.641E+12,1.641E+12
388,2606,1.71941E+12,com.sec.location.nsflp2,5013,-1,Location,36,0,0,0,0,0,0,-1,-1,-1,-1,-1,-1,-1,0,-1,1,1,1.641E+12,1.641E+12
389,2606,1.71941E+12,com.samsung.android.fmm,1000,-1,Location,22,0,0,0,0,0,0,255837,0,0,8.451895763,0,0,1075,0,-1,1,0,1.641E+12,1.641E+12
390,2606,1.71941E+12,com.samsung.android.rubin.app,10103,-1,Location,36,0,0,0,0,0,0,10238,11436831,0,0.134974015,0,0,59,0,-1,1,1,1.641E+12,1.641E+12
391,2606,1.71941E+12,com.sec.location.nsflp2,5013,-1,Location,36,0,0,0,0,0,0,-1,-1,-1,-1,-1,-1,-1,0,-1,1,1,1.641E+12,1.641E+12
392,2606,1.71941E+12,com.samsung.android.fmm,1000,-1,Location,22,0,0,0,0,0,0,255837,0,0,8.451895763,0,0,1075,0,-1,1,0,1.641E+12,1.641E+12
393,2606,1.71941E+12,com.sec.location.nsflp2,5013,-1,Location,36,0,0,0,0,0,0,-1,-1,-1,-1,-1,-1,-1,0,-1,1,1,1.641E+12,1.641E+12
394,2606,1.71941E+12,com.samsung.android.fmm,1000,-1,Location,22,0,0,0,0,0,0,255837,0,0,8.451895763,0,0,1075,0,-1,1,0,1.641E+12,1.641E+12
395,2606,1.71941E+12,com.samsung.android.rubin.app,10103,-1,Location,36,0,0,0,0,0,0,10238,11436831,0,0.134974015,0,0,59,0,-1,1,1,1.641E+12,1.641E+12
396,2606,1.71941E+12,com.sec.location.nsflp2,5013,-1,Location,36,0,0,0,0,0,0,-1,-1,-1,-1,-1,-1,-1,0,-1,1,1,1.641E+12,1.641E+12
397,2606,1.71941E+12,com.samsung.android.rubin.app,10103,-1,Location,36,0,0,0,0,0,0,10238,11436831,0,0.134974015,0,0,59,0,-1,1,1,1.641E+12,1.641E+12
398,2606,1.71941E+12,com.sec.location.nsflp2,5013,-1,Location,36,0,0,0,0,0,0,-1,-1,-1,-1,-1,-1,-1,0,-1,1,1,1.641E+12,1.641E+12
399,2606,1.7194E+12,com.samsung.android.networkdiagnostic,5023,-1,Location,17,0,0,0,0,0,0,6402,13403,0,0.068611286,0,0,64,0,-1,1,1,1.641E+12,1.641E+12
400,2606,1.7194E+12,com.google.android.gms,10245,7,Location,13,0,0,0,298585,1.71993E+12,1.71993E+12,51887,36485875,0,1.292558353,0,0,7630,0,-1,1,1,1.71957E+12,1.641E+12
401,2606,1.7194E+12,com.samsung.android.rubin.app,10103,-1,Location,36,0,0,0,0,0,0,10238,11436831,0,0.134974015,0,0,59,0,-1,1,1,1.641E+12,1.641E+12
402,2606,1.7194E+12,com.sec.location.nsflp2,5013,-1,Location,36,0,0,0,0,0,0,-1,-1,-1,-1,-1,-1,-1,0,-1,1,1,1.641E+12,1.641E+12
403,2606,1.7194E+12,com.samsung.android.rubin.app,10103,-1,Location,36,0,0,0,0,0,0,10238,11436831,0,0.134974015,0,0,59,0,-1,1,1,1.641E+12,1.641E+12
404,2606,1.7194E+12,com.google.android.gms,10245,7,Location,13,0,0,0,298585,1.71993E+12,1.71993E+12,51887,36485875,0,1.292558353,0,0,7630,0,-1,1,1,1.71957E+12,1.641E+12
405,2606,1.7194E+12,com.samsung.android.rubin.app,10103,-1,Location,36,0,0,0,0,0,0,10238,11436831,0,0.134974015,0,0,59,0,-1,1,1,1.641E+12,1.641E+12
406,2606,1.7194E+12,com.samsung.android.rubin.app,10103,-1,Location,36,0,0,0,0,0,0,10238,11436831,0,0.134974015,0,0,59,0,-1,1,1,1.641E+12,1.641E+12
407,2606,1.7194E+12,com.sec.location.nsflp2,5013,-1,Location,36,0,0,0,0,0,0,-1,-1,-1,-1,-1,-1,-1,0,-1,1,1,1.641E+12,1.641E+12
408,2606,1.7194E+12,com.google.android.gms,10245,7,Location,13,0,0,0,16457,1.71931E+12,1.71931E+12,51887,36485875,0,1.292558353,0,0,7630,0,-1,1,1,1.71957E+12,1.641E+12
409,2606,1.7194E+12,com.samsung.android.networkdiagnostic,5023,-1,Location,17,0,0,0,0,0,0,6402,13403,0,0.068611286,0,0,64,0,-1,1,1,1.641E+12,1.641E+12
410,2606,1.7194E+12,com.android.phone,1001,-1,Location,44,0,0,0,0,0,0,22635,14758842,0,0.18698445,0,0,0,0,-1,1,0,1.641E+12,1.641E+12
411,2606,1.7194E+12,com.android.phone,1001,-1,Location,44,0,0,0,0,0,0,22635,14758842,0,0.18698445,0,0,0,0,-1,1,0,1.641E+12,1.641E+12
412,2606,1.7194E+12,com.samsung.android.fmm,1000,-1,Location,22,0,0,0,0,0,0,255837,0,0,8.451895763,0,0,1075,0,-1,1,0,1.641E+12,1.641E+12
413,2606,1.7194E+12,com.samsung.android.fmm,1000,-1,Location,22,0,0,0,0,0,0,255837,0,0,8.451895763,0,0,1075,0,-1,1,0,1.641E+12,1.641E+12
414,2606,1.7194E+12,com.samsung.android.networkdiagnostic,5023,-1,Location,17,0,0,0,0,0,0,6402,13403,0,0.068611286,0,0,64,0,-1,1,1,1.641E+12,1.641E+12
415,2606,1.7194E+12,com.sec.location.nsflp2,5013,-1,Location,36,0,0,0,0,0,0,-1,-1,-1,-1,-1,-1,-1,0,-1,1,1,1.641E+12,1.641E+12
416,2606,1.7194E+12,com.samsung.android.rubin.app,10103,-1,Location,36,0,0,0,0,0,0,10238,11436831,0,0.134974015,0,0,59,0,-1,1,1,1.641E+12,1.641E+12
417,2606,1.71939E+12,com.samsung.android.networkdiagnostic,5023,-1,Location,17,0,0,0,0,0,0,6402,13403,0,0.068611286,0,0,64,0,-1,1,1,1.641E+12,1.641E+12
418,2606,1.71939E+12,com.samsung.android.networkdiagnostic,5023,-1,Location,17,0,0,0,0,0,0,6402,13403,0,0.068611286,0,0,64,0,-1,1,1,1.641E+12,1.641E+12
419,2606,1.71939E+12,com.google.android.gms,10245,7,Location,13,0,0,0,16457,1.71931E+12,1.71931E+12,51887,36485875,0,1.292558353,0,0,7630,0,-1,1,1,1.71957E+12,1.641E+12
420,2606,1.71939E+12,com.samsung.android.rubin.app,10103,-1,Location,36,0,0,0,0,0,0,10238,11436831,0,0.134974015,0,0,59,0,-1,1,1,1.641E+12,1.641E+12
421,2606,1.71939E+12,com.sec.location.nsflp2,5013,-1,Location,36,0,0,0,0,0,0,-1,-1,-1,-1,-1,-1,-1,0,-1,1,1,1.641E+12,1.641E+12
422,2606,1.71939E+12,com.samsung.android.rubin.app,10103,-1,Location,36,0,0,0,0,0,0,10238,11436831,0,0.134974015,0,0,59,0,-1,1,1,1.641E+12,1.641E+12
423,2606,1.71939E+12,com.google.android.gms,10245,7,Location,13,0,0,0,16457,1.71931E+12,1.71931E+12,51887,36485875,0,1.292558353,0,0,7630,0,-1,1,1,1.71957E+12,1.641E+12
424,2606,1.71939E+12,com.android.phone,1001,-1,Location,44,0,0,0,0,0,0,22635,14758842,0,0.18698445,0,0,0,0,-1,1,0,1.641E+12,1.641E+12
425,2606,1.71939E+12,com.android.phone,1001,-1,Location,44,0,0,0,0,0,0,22635,14758842,0,0.18698445,0,0,0,0,-1,1,0,1.641E+12,1.641E+12
426,2606,1.71939E+12,com.android.phone,1001,-1,Location,44,0,0,0,0,0,0,22635,14758842,0,0.18698445,0,0,0,0,-1,1,0,1.641E+12,1.641E+12
427,2606,1.71939E+12,com.android.phone,1001,-1,Location,44,0,0,0,0,0,0,22635,14758842,0,0.18698445,0,0,0,0,-1,1,0,1.641E+12,1.641E+12
428,2606,1.71939E+12,com.android.phone,1001,-1,Location,44,0,0,0,0,0,0,22635,14758842,0,0.18698445,0,0,0,0,-1,1,0,1.641E+12,1.641E+12
429,2606,1.71939E+12,com.android.phone,1001,-1,Location,44,0,0,0,0,0,0,22635,14758842,0,0.18698445,0,0,0,0,-1,1,0,1.641E+12,1.641E+12
430,2606,1.71939E+12,com.samsung.android.networkdiagnostic,5023,-1,Location,17,0,0,0,0,0,0,6402,13403,0,0.068611286,0,0,64,0,-1,1,1,1.641E+12,1.641E+12
431,2606,1.71939E+12,com.samsung.android.rubin.app,10103,-1,Location,36,0,0,0,0,0,0,10238,11436831,0,0.134974015,0,0,59,0,-1,1,1,1.641E+12,1.641E+12
432,2606,1.71939E+12,com.sec.location.nsflp2,5013,-1,Location,36,0,0,0,0,0,0,-1,-1,-1,-1,-1,-1,-1,0,-1,1,1,1.641E+12,1.641E+12
433,2606,1.71939E+12,com.google.android.gms,10245,7,Location,13,0,0,0,16457,1.71931E+12,1.71931E+12,51887,36485875,0,1.292558353,0,0,7630,0,-1,1,1,1.71957E+12,1.641E+12
434,2606,1.71938E+12,com.sec.location.nsflp2,5013,-1,Location,36,0,0,0,0,0,0,-1,-1,-1,-1,-1,-1,-1,0,-1,1,1,1.641E+12,1.641E+12
435,2606,1.71938E+12,com.samsung.android.rubin.app,10103,-1,Location,36,0,0,0,0,0,0,10238,11436831,0,0.134974015,0,0,59,0,-1,1,1,1.641E+12,1.641E+12
436,2606,1.71938E+12,com.samsung.android.fmm,1000,-1,Location,22,0,0,0,0,0,0,255837,0,0,8.451895763,0,0,1075,0,-1,1,0,1.641E+12,1.641E+12
437,2606,1.71938E+12,com.samsung.android.networkdiagnostic,5023,-1,Location,17,0,0,0,0,0,0,6402,13403,0,0.068611286,0,0,64,0,-1,1,1,1.641E+12,1.641E+12
438,2606,1.71938E+12,com.samsung.android.fmm,1000,-1,Location,22,0,0,0,0,0,0,255837,0,0,8.451895763,0,0,1075,0,-1,1,0,1.641E+12,1.641E+12
439,2606,1.71938E+12,com.sec.location.nsflp2,5013,-1,Location,36,0,0,0,0,0,0,-1,-1,-1,-1,-1,-1,-1,0,-1,1,1,1.641E+12,1.641E+12
440,2606,1.71938E+12,com.samsung.android.rubin.app,10103,-1,Location,36,0,0,0,0,0,0,10238,11436831,0,0.134974015,0,0,59,0,-1,1,1,1.641E+12,1.641E+12
441,2606,1.71938E+12,com.google.android.gms,10245,7,Location,13,0,0,0,16457,1.71931E+12,1.71931E+12,51887,36485875,0,1.292558353,0,0,7630,0,-1,1,1,1.71957E+12,1.641E+12
442,2606,1.71938E+12,com.sec.location.nsflp2,5013,-1,Location,36,0,0,0,0,0,0,-1,-1,-1,-1,-1,-1,-1,0,-1,1,1,1.641E+12,1.641E+12
443,2606,1.71938E+12,com.samsung.android.rubin.app,10103,-1,Location,36,0,0,0,0,0,0,10238,11436831,0,0.134974015,0,0,59,0,-1,1,1,1.641E+12,1.641E+12
444,2606,1.71938E+12,com.samsung.android.fmm,1000,-1,Location,22,0,0,0,0,0,0,255837,0,0,8.451895763,0,0,1075,0,-1,1,0,1.641E+12,1.641E+12
445,2606,1.71938E+12,com.samsung.android.fmm,1000,-1,Location,22,0,0,0,0,0,0,255837,0,0,8.451895763,0,0,1075,0,-1,1,0,1.641E+12,1.641E+12
446,2606,1.71938E+12,com.sec.location.nsflp2,5013,-1,Location,36,0,0,0,0,0,0,-1,-1,-1,-1,-1,-1,-1,0,-1,1,1,1.641E+12,1.641E+12
447,2606,1.71938E+12,com.android.phone,1001,-1,Location,44,0,0,0,0,0,0,22635,14758842,0,0.18698445,0,0,0,0,-1,1,0,1.641E+12,1.641E+12
448,2606,1.71938E+12,com.samsung.android.rubin.app,10103,-1,Location,36,0,0,0,0,0,0,10238,11436831,0,0.134974015,0,0,59,0,-1,1,1,1.641E+12,1.641E+12
449,2606,1.71938E+12,com.samsung.android.networkdiagnostic,5023,-1,Location,17,0,0,0,0,0,0,6402,13403,0,0.068611286,0,0,64,0,-1,1,1,1.641E+12,1.641E+12
450,2606,1.71938E+12,com.samsung.android.fmm,1000,-1,Location,22,0,0,0,0,0,0,255837,0,0,8.451895763,0,0,1075,0,-1,1,0,1.641E+12,1.641E+12
451,2606,1.71938E+12,com.samsung.android.rubin.app,10103,-1,Location,36,0,0,0,0,0,0,10238,11436831,0,0.134974015,0,0,59,0,-1,1,1,1.641E+12,1.641E+12
452,2606,1.71938E+12,com.sec.location.nsflp2,5013,-1,Location,36,0,0,0,0,0,0,-1,-1,-1,-1,-1,-1,-1,0,-1,1,1,1.641E+12,1.641E+12
453,2606,1.71938E+12,com.android.phone,1001,-1,Location,44,0,0,0,0,0,0,22635,14758842,0,0.18698445,0,0,0,0,-1,1,0,1.641E+12,1.641E+12
454,2606,1.71938E+12,com.android.phone,1001,-1,Location,44,0,0,0,0,0,0,22635,14758842,0,0.18698445,0,0,0,0,-1,1,0,1.641E+12,1.641E+12
455,2606,1.71938E+12,com.android.phone,1001,-1,Location,44,0,0,0,0,0,0,22635,14758842,0,0.18698445,0,0,0,0,-1,1,0,1.641E+12,1.641E+12
456,2606,1.71938E+12,com.android.phone,1001,-1,Location,44,0,0,0,0,0,0,22635,14758842,0,0.18698445,0,0,0,0,-1,1,0,1.641E+12,1.641E+12
457,2606,1.71938E+12,com.android.phone,1001,-1,Location,44,0,0,0,0,0,0,22635,14758842,0,0.18698445,0,0,0,0,-1,1,0,1.641E+12,1.641E+12
458,2606,1.71938E+12,com.android.phone,1001,-1,Location,44,0,0,0,0,0,0,22635,14758842,0,0.18698445,0,0,0,0,-1,1,0,1.641E+12,1.641E+12
459,2606,1.71938E+12,com.android.phone,1001,-1,Location,44,0,0,0,0,0,0,22635,14758842,0,0.18698445,0,0,0,0,-1,1,0,1.641E+12,1.641E+12
460,2606,1.71938E+12,com.android.phone,1001,-1,Location,44,0,0,0,0,0,0,22635,14758842,0,0.18698445,0,0,0,0,-1,1,0,1.641E+12,1.641E+12
461,2606,1.71938E+12,com.android.phone,1001,-1,Location,44,0,0,0,0,0,0,22635,14758842,0,0.18698445,0,0,0,0,-1,1,0,1.641E+12,1.641E+12
462,2606,1.71938E+12,com.android.phone,1001,-1,Location,44,0,0,0,0,0,0,22635,14758842,0,0.18698445,0,0,0,0,-1,1,0,1.641E+12,1.641E+12
463,2606,1.71938E+12,com.android.phone,1001,-1,Location,44,0,0,0,0,0,0,22635,14758842,0,0.18698445,0,0,0,0,-1,1,0,1.641E+12,1.641E+12
464,2606,1.71938E+12,com.android.phone,1001,-1,Location,44,0,0,0,0,0,0,22635,14758842,0,0.18698445,0,0,0,0,-1,1,0,1.641E+12,1.641E+12
465,2606,1.71938E+12,com.android.phone,1001,-1,Location,44,0,0,0,0,0,0,22635,14758842,0,0.18698445,0,0,0,0,-1,1,0,1.641E+12,1.641E+12
466,2606,1.71938E+12,com.android.phone,1001,-1,Location,44,0,0,0,0,0,0,22635,14758842,0,0.18698445,0,0,0,0,-1,1,0,1.641E+12,1.641E+12
467,2606,1.71938E+12,com.google.android.googlequicksearchbox,10246,7,Microphone,1,0,0,0,390,1.71938E+12,1.71938E+12,9431,15484226,195,0.241590217,0,0,925,0,-1,1,0,1.71958E+12,1.641E+12
468,2606,1.71938E+12,com.google.android.googlequicksearchbox,10246,7,Location,1,0,0,0,390,1.71938E+12,1.71938E+12,9431,15484226,195,0.241590217,0,0,925,0,-1,1,1,1.71958E+12,1.641E+12
469,2606,1.71938E+12,com.samsung.android.networkdiagnostic,5023,-1,Location,17,0,0,0,0,0,0,6402,13403,0,0.068611286,0,0,64,0,-1,1,1,1.641E+12,1.641E+12
470,2606,1.71938E+12,com.samsung.android.fmm,1000,-1,Location,22,0,0,0,0,0,0,255837,0,0,8.451895763,0,0,1075,0,-1,1,0,1.641E+12,1.641E+12
471,2606,1.71938E+12,com.sec.location.nsflp2,5013,-1,Location,36,0,0,0,0,0,0,-1,-1,-1,-1,-1,-1,-1,0,-1,1,1,1.641E+12,1.641E+12
472,2606,1.71938E+12,com.samsung.android.rubin.app,10103,-1,Location,36,0,0,0,0,0,0,10238,11436831,0,0.134974015,0,0,59,0,-1,1,1,1.641E+12,1.641E+12
473,2606,1.71938E+12,com.samsung.android.rubin.app,10103,-1,Location,36,0,0,0,0,0,0,10238,11436831,0,0.134974015,0,0,59,0,-1,1,1,1.641E+12,1.641E+12
474,2606,1.71938E+12,com.sec.location.nsflp2,5013,-1,Location,36,0,0,0,0,0,0,-1,-1,-1,-1,-1,-1,-1,0,-1,1,1,1.641E+12,1.641E+12
475,2606,1.71938E+12,com.android.phone,1001,-1,Location,44,0,0,0,0,0,0,22635,14758842,0,0.18698445,0,0,0,0,-1,1,0,1.641E+12,1.641E+12
476,2606,1.71938E+12,com.android.phone,1001,-1,Location,44,0,0,0,0,0,0,22635,14758842,0,0.18698445,0,0,0,0,-1,1,0,1.641E+12,1.641E+12
477,2606,1.71938E+12,com.android.phone,1001,-1,Location,44,0,0,0,0,0,0,22635,14758842,0,0.18698445,0,0,0,0,-1,1,0,1.641E+12,1.641E+12
478,2606,1.71938E+12,com.android.phone,1001,-1,Location,44,0,0,0,0,0,0,22635,14758842,0,0.18698445,0,0,0,0,-1,1,0,1.641E+12,1.641E+12
479,2606,1.71938E+12,com.sec.location.nsflp2,5013,-1,Location,36,0,0,0,0,0,0,-1,-1,-1,-1,-1,-1,-1,0,-1,1,1,1.641E+12,1.641E+12
480,2606,1.71938E+12,com.samsung.android.rubin.app,10103,-1,Location,36,0,0,0,0,0,0,10238,11436831,0,0.134974015,0,0,59,0,-1,1,1,1.641E+12,1.641E+12
481,2606,1.71938E+12,com.samsung.android.networkdiagnostic,5023,-1,Location,17,0,0,0,0,0,0,6402,13403,0,0.068611286,0,0,64,0,-1,1,1,1.641E+12,1.641E+12
482,2606,1.71938E+12,com.samsung.android.rubin.app,10103,-1,Location,36,0,0,0,0,0,0,10238,11436831,0,0.134974015,0,0,59,0,-1,1,1,1.641E+12,1.641E+12
483,2606,1.71938E+12,com.sec.location.nsflp2,5013,-1,Location,36,0,0,0,0,0,0,-1,-1,-1,-1,-1,-1,-1,0,-1,1,1,1.641E+12,1.641E+12
484,2606,1.71938E+12,com.android.phone,1001,-1,Location,44,0,0,0,0,0,0,22635,14758842,0,0.18698445,0,0,0,0,-1,1,0,1.641E+12,1.641E+12
485,2606,1.71938E+12,com.android.phone,1001,-1,Location,44,0,0,0,0,0,0,22635,14758842,0,0.18698445,0,0,0,0,-1,1,0,1.641E+12,1.641E+12
486,2606,1.71938E+12,com.android.phone,1001,-1,Location,44,0,0,0,0,0,0,22635,14758842,0,0.18698445,0,0,0,0,-1,1,0,1.641E+12,1.641E+12
487,2506,1.71935E+12,com.samsung.android.networkdiagnostic,5023,-1,Location,4,0,0,0,0,0,0,6402,13403,0,0.068611286,0,0,64,0,-1,1,1,1.641E+12,1.641E+12
488,2506,1.71935E+12,com.samsung.android.rubin.app,10103,-1,Location,5,0,0,0,0,0,0,10238,11436831,0,0.134974015,0,0,59,0,-1,1,1,1.641E+12,1.641E+12
489,2506,1.71934E+12,com.samsung.android.networkdiagnostic,5023,-1,Location,4,0,0,0,0,0,0,6402,13403,0,0.068611286,0,0,64,0,-1,1,1,1.641E+12,1.641E+12
490,2506,1.71934E+12,com.samsung.android.networkdiagnostic,5023,-1,Location,4,0,0,0,0,0,0,-1,-1,-1,-1,-1,-1,-1,0,-1,1,1,1.641E+12,1.641E+12
491,2506,1.71934E+12,com.google.android.gms,10245,7,Location,4,0,0,0,16457,1.71931E+12,1.71931E+12,7218,9092893,0,1.031237163,0,0,1634,0,-1,1,1,1.71957E+12,1.641E+12
492,2506,1.71934E+12,com.sec.location.nsflp2,5013,-1,Location,4,0,0,0,0,0,0,-1,-1,-1,-1,-1,-1,-1,0,-1,1,1,1.641E+12,1.641E+12
493,2506,1.71934E+12,com.samsung.android.rubin.app,10103,-1,Location,5,0,0,0,0,0,0,-1,-1,-1,-1,-1,-1,-1,0,-1,1,1,1.641E+12,1.641E+12
494,2506,1.71933E+12,com.samsung.android.fmm,1000,-1,Location,1,0,0,0,0,0,0,56090,0,0,8.256304182,0,0,0,0,-1,1,0,1.641E+12,1.641E+12
495,2506,1.71933E+12,com.sec.location.nsflp2,5013,-1,Location,4,0,0,0,0,0,0,-1,-1,-1,-1,-1,-1,-1,0,-1,1,1,1.641E+12,1.641E+12
496,2506,1.71933E+12,com.samsung.android.networkdiagnostic,5023,-1,Location,4,0,0,0,0,0,0,-1,-1,-1,-1,-1,-1,-1,0,-1,1,1,1.641E+12,1.641E+12
497,2506,1.71933E+12,com.google.android.gms,10245,7,Location,4,0,0,0,16457,1.71931E+12,1.71931E+12,7218,9092893,0,1.031237163,0,0,1634,0,-1,1,1,1.71957E+12,1.641E+12
498,2506,1.71933E+12,com.samsung.android.rubin.app,10103,-1,Location,5,0,0,0,0,0,0,-1,-1,-1,-1,-1,-1,-1,0,-1,1,1,1.641E+12,1.641E+12
499,2506,1.71933E+12,com.samsung.android.rubin.app,10103,-1,Location,5,0,0,0,0,0,0,-1,-1,-1,-1,-1,-1,-1,0,-1,1,1,1.641E+12,1.641E+12
500,2506,1.71933E+12,com.sec.location.nsflp2,5013,-1,Location,4,0,0,0,0,0,0,-1,-1,-1,-1,-1,-1,-1,0,-1,1,1,1.641E+12,1.641E+12
501,2506,1.71933E+12,com.google.android.gms,10245,7,Location,4,0,0,0,16457,1.71931E+12,1.71931E+12,7218,9092893,0,1.031237163,0,0,1634,0,-1,1,1,1.71957E+12,1.641E+12
502,2506,1.71933E+12,com.samsung.android.rubin.app,10103,-1,Location,5,0,0,0,0,0,0,-1,-1,-1,-1,-1,-1,-1,0,-1,1,1,1.641E+12,1.641E+12
503,2506,1.71933E+12,com.sec.location.nsflp2,5013,-1,Location,4,0,0,0,0,0,0,-1,-1,-1,-1,-1,-1,-1,0,-1,1,1,1.641E+12,1.641E+12
504,2506,1.71933E+12,com.google.android.gms,10245,7,Location,4,0,0,0,16457,1.71931E+12,1.71931E+12,7218,9092893,0,1.031237163,0,0,1634,0,-1,1,1,1.71957E+12,1.641E+12
